dataset,backbone,kind,measure,k2,k2.5,k3,k3.5,k4,k5,k6,k8,LEG
MPEG-7,DINOv2,full,fused_mAP,0.89025,0.89308,0.89573,0.89720,0.89867,0.89634,0.89164,0.87723,0.87894
MPEG-7,DINOv2,full,zernike_mAP,0.66705,0.67259,0.67674,0.67744,0.67470,0.65898,0.63839,0.58202,0.61072
MPEG-7,DINOv2,trunc,fused_mAP,0.89665,0.89904,0.89846,0.89813,0.89835,0.89634,0.89164,0.87718,0.88262
MPEG-7,DINOv2,trunc,zernike_mAP,0.67645,0.67707,0.67669,0.67432,0.67261,0.65898,0.63839,0.58164,0.61662
MPEG-7,EfficientNet-B0,full,fused_mAP,0.79667,0.80148,0.80493,0.80539,0.80450,0.79731,0.78509,0.75557,0.76201
MPEG-7,EfficientNet-B0,full,zernike_mAP,0.66705,0.67259,0.67674,0.67744,0.67470,0.65898,0.63839,0.58202,0.61072
MPEG-7,EfficientNet-B0,trunc,fused_mAP,0.80601,0.80622,0.80547,0.80511,0.80399,0.79731,0.78509,0.75557,0.76884
MPEG-7,EfficientNet-B0,trunc,zernike_mAP,0.67729,0.67918,0.67771,0.67721,0.67430,0.65898,0.63839,0.58202,0.61688
MPEG-7,ResNet-18,full,fused_mAP,0.79238,0.79721,0.80089,0.80083,0.79830,0.78988,0.78056,0.76390,0.75645
MPEG-7,ResNet-18,full,zernike_mAP,0.66705,0.67259,0.67674,0.67744,0.67470,0.65898,0.63839,0.58202,0.61072
MPEG-7,ResNet-18,trunc,fused_mAP,0.80140,0.80209,0.80138,0.80092,0.79835,0.78988,0.78056,0.76355,0.76526
MPEG-7,ResNet-18,trunc,zernike_mAP,0.67708,0.67941,0.67832,0.67816,0.67458,0.65898,0.63839,0.58096,0.61719
MPEG-7,ResNet-50,full,fused_mAP,0.72576,0.73033,0.73313,0.73370,0.73264,0.71994,0.70354,0.66000,0.68386
MPEG-7,ResNet-50,full,zernike_mAP,0.66705,0.67259,0.67674,0.67744,0.67470,0.65898,0.63839,0.58202,0.61072
MPEG-7,ResNet-50,trunc,fused_mAP,0.73541,0.73581,0.73424,0.73423,0.73258,0.71994,0.70354,0.66000,0.69190
MPEG-7,ResNet-50,trunc,zernike_mAP,0.67727,0.67935,0.67770,0.67793,0.67462,0.65898,0.63839,0.58202,0.61709
MPEG-7,Swin-T,full,fused_mAP,0.73323,0.73930,0.74272,0.74170,0.74062,0.72736,0.70874,0.65986,0.69250
MPEG-7,Swin-T,full,zernike_mAP,0.66705,0.67259,0.67674,0.67744,0.67470,0.65898,0.63839,0.58202,0.61072
MPEG-7,Swin-T,trunc,fused_mAP,0.74445,0.74384,0.74293,0.74196,0.74008,0.72736,0.70874,0.65986,0.70165
MPEG-7,Swin-T,trunc,zernike_mAP,0.67758,0.67846,0.67787,0.67766,0.67462,0.65898,0.63839,0.58202,0.61669
MPEG-7,ViT-B/16,full,fused_mAP,0.79167,0.79643,0.80006,0.79959,0.79944,0.79248,0.78081,0.74997,0.75836
MPEG-7,ViT-B/16,full,zernike_mAP,0.66705,0.67259,0.67674,0.67744,0.67470,0.65898,0.63839,0.58202,0.61072
MPEG-7,ViT-B/16,trunc,fused_mAP,0.80173,0.80065,0.80031,0.80006,0.79937,0.79248,0.78081,0.74997,0.76547
MPEG-7,ViT-B/16,trunc,zernike_mAP,0.67736,0.67832,0.67801,0.67808,0.67460,0.65898,0.63839,0.58202,0.61713
Kimia-216,ResNet-18,full,fused_mAP,0.95079,0.95441,0.95661,0.95659,0.95756,0.94962,0.94113,0.93005,0.91313
Kimia-216,ResNet-18,full,zernike_mAP,0.91244,0.91371,0.91408,0.91217,0.91372,0.89819,0.88658,0.84355,0.85482
Kimia-216,ResNet-18,trunc,fused_mAP,0.95732,0.95741,0.95793,0.95758,0.95599,0.94912,0.94074,0.92883,0.91058
Kimia-216,ResNet-18,trunc,zernike_mAP,0.91096,0.91009,0.91185,0.91187,0.91037,0.89842,0.88612,0.83770,0.83250
Kimia-99,ResNet-18,full,fused_mAP,0.74794,0.76373,0.77828,0.78298,0.79275,0.80316,0.79403,0.79366,0.71377
Kimia-99,ResNet-18,full,zernike_mAP,0.57882,0.62083,0.66484,0.67497,0.69319,0.72486,0.71620,0.70337,0.44855
Kimia-99,ResNet-18,trunc,fused_mAP,0.78261,0.78872,0.78970,0.78981,0.79262,0.79705,0.79212,0.79188,0.73182
Kimia-99,ResNet-18,trunc,zernike_mAP,0.69735,0.70695,0.70464,0.70797,0.70469,0.70838,0.70068,0.69723,0.59293
ETHZ,ResNet-18,full,fused_mAP,0.95319,0.95964,0.96482,0.96833,0.97035,0.96664,0.96157,0.96817,0.93004
ETHZ,ResNet-18,full,zernike_mAP,0.82445,0.85380,0.88192,0.89868,0.90941,0.88667,0.85515,0.86718,0.73715
ETHZ,ResNet-18,trunc,fused_mAP,0.96837,0.97063,0.96952,0.96925,0.96939,0.96795,0.96871,0.96900,0.95370
ETHZ,ResNet-18,trunc,zernike_mAP,0.88060,0.87947,0.88228,0.88067,0.88047,0.86595,0.86036,0.85989,0.83698
ETHZ,ViT-B/16,full,fused_mAP,0.96490,0.96697,0.97187,0.97508,0.97685,0.97316,0.96886,0.97545,0.94241
ETHZ,ViT-B/16,full,zernike_mAP,0.82445,0.85380,0.88192,0.89868,0.90941,0.88667,0.85515,0.86718,0.73715
ETHZ,ViT-B/16,trunc,fused_mAP,0.97181,0.97422,0.97465,0.97553,0.97464,0.97292,0.97510,0.97536,0.95800
ETHZ,ViT-B/16,trunc,zernike_mAP,0.87667,0.88561,0.89249,0.89888,0.89144,0.87219,0.86533,0.86563,0.83606
