dataset,backbone,k,N,bandwidth_(N+1)/k,fused_mAP_mean
ETHZ,ResNet-18,2,6,3.500,0.96704
ETHZ,ResNet-18,2,7,4.000,0.96808
ETHZ,ResNet-18,2,8,4.500,0.96301
ETHZ,ResNet-18,2,9,5.000,0.96390
ETHZ,ResNet-18,2,10,5.500,0.96316
ETHZ,ResNet-18,2,11,6.000,0.96218
ETHZ,ResNet-18,2,12,6.500,0.96764
ETHZ,ResNet-18,2,13,7.000,0.96630
ETHZ,ResNet-18,2,14,7.500,0.96830
ETHZ,ResNet-18,2,15,8.000,0.96692
ETHZ,ResNet-18,2,16,8.500,0.96681
ETHZ,ResNet-18,2,17,9.000,0.96643
ETHZ,ResNet-18,2,18,9.500,0.96625
ETHZ,ResNet-18,2,19,10.000,0.96548
ETHZ,ResNet-18,2,20,10.500,0.96346
ETHZ,ResNet-18,2,21,11.000,0.96272
ETHZ,ResNet-18,2,22,11.500,0.96083
ETHZ,ResNet-18,2,23,12.000,0.95997
ETHZ,ResNet-18,2,24,12.500,0.95894
ETHZ,ResNet-18,2,25,13.000,0.95822
ETHZ,ResNet-18,2,26,13.500,0.95717
ETHZ,ResNet-18,2,27,14.000,0.95612
ETHZ,ResNet-18,2,28,14.500,0.95487
ETHZ,ResNet-18,2,29,15.000,0.95432
ETHZ,ResNet-18,2,30,15.500,0.95378
ETHZ,ResNet-18,2,31,16.000,0.95341
ETHZ,ResNet-18,2,32,16.500,0.95319
ETHZ,ResNet-18,2.5,6,2.800,0.96257
ETHZ,ResNet-18,2.5,7,3.200,0.96621
ETHZ,ResNet-18,2.5,8,3.600,0.96903
ETHZ,ResNet-18,2.5,9,4.000,0.97180
ETHZ,ResNet-18,2.5,10,4.400,0.96590
ETHZ,ResNet-18,2.5,11,4.800,0.96510
ETHZ,ResNet-18,2.5,12,5.200,0.96271
ETHZ,ResNet-18,2.5,13,5.600,0.96471
ETHZ,ResNet-18,2.5,14,6.000,0.96679
ETHZ,ResNet-18,2.5,15,6.400,0.96584
ETHZ,ResNet-18,2.5,16,6.800,0.96905
ETHZ,ResNet-18,2.5,17,7.200,0.96937
ETHZ,ResNet-18,2.5,18,7.600,0.96966
ETHZ,ResNet-18,2.5,19,8.000,0.96946
ETHZ,ResNet-18,2.5,20,8.400,0.96972
ETHZ,ResNet-18,2.5,21,8.800,0.96773
ETHZ,ResNet-18,2.5,22,9.200,0.96817
ETHZ,ResNet-18,2.5,23,9.600,0.96710
ETHZ,ResNet-18,2.5,24,10.000,0.96668
ETHZ,ResNet-18,2.5,25,10.400,0.96626
ETHZ,ResNet-18,2.5,26,10.800,0.96491
ETHZ,ResNet-18,2.5,27,11.200,0.96413
ETHZ,ResNet-18,2.5,28,11.600,0.96242
ETHZ,ResNet-18,2.5,29,12.000,0.96163
ETHZ,ResNet-18,2.5,30,12.400,0.96090
ETHZ,ResNet-18,2.5,31,12.800,0.96029
ETHZ,ResNet-18,2.5,32,13.200,0.95964
ETHZ,ResNet-18,3,6,2.333,0.95169
ETHZ,ResNet-18,3,7,2.667,0.95954
ETHZ,ResNet-18,3,8,3.000,0.96708
ETHZ,ResNet-18,3,9,3.333,0.96931
ETHZ,ResNet-18,3,10,3.667,0.96834
ETHZ,ResNet-18,3,11,4.000,0.97118
ETHZ,ResNet-18,3,12,4.333,0.96510
ETHZ,ResNet-18,3,13,4.667,0.96418
ETHZ,ResNet-18,3,14,5.000,0.96197
ETHZ,ResNet-18,3,15,5.333,0.96382
ETHZ,ResNet-18,3,16,5.667,0.96169
ETHZ,ResNet-18,3,17,6.000,0.96331
ETHZ,ResNet-18,3,18,6.333,0.96717
ETHZ,ResNet-18,3,19,6.667,0.96677
ETHZ,ResNet-18,3,20,7.000,0.96912
ETHZ,ResNet-18,3,21,7.333,0.96800
ETHZ,ResNet-18,3,22,7.667,0.97000
ETHZ,ResNet-18,3,23,8.000,0.96990
ETHZ,ResNet-18,3,24,8.333,0.97037
ETHZ,ResNet-18,3,25,8.667,0.96888
ETHZ,ResNet-18,3,26,9.000,0.96890
ETHZ,ResNet-18,3,27,9.333,0.96753
ETHZ,ResNet-18,3,28,9.667,0.96763
ETHZ,ResNet-18,3,29,10.000,0.96707
ETHZ,ResNet-18,3,30,10.333,0.96632
ETHZ,ResNet-18,3,31,10.667,0.96630
ETHZ,ResNet-18,3,32,11.000,0.96482
ETHZ,ResNet-18,3.5,6,2.000,0.93867
ETHZ,ResNet-18,3.5,7,2.286,0.94862
ETHZ,ResNet-18,3.5,8,2.571,0.95367
ETHZ,ResNet-18,3.5,9,2.857,0.95860
ETHZ,ResNet-18,3.5,10,3.143,0.96732
ETHZ,ResNet-18,3.5,11,3.429,0.96882
ETHZ,ResNet-18,3.5,12,3.714,0.96771
ETHZ,ResNet-18,3.5,13,4.000,0.97000
ETHZ,ResNet-18,3.5,14,4.286,0.96416
ETHZ,ResNet-18,3.5,15,4.571,0.96346
ETHZ,ResNet-18,3.5,16,4.857,0.96168
ETHZ,ResNet-18,3.5,17,5.143,0.96316
ETHZ,ResNet-18,3.5,18,5.429,0.96125
ETHZ,ResNet-18,3.5,19,5.714,0.96350
ETHZ,ResNet-18,3.5,20,6.000,0.96331
ETHZ,ResNet-18,3.5,21,6.286,0.96447
ETHZ,ResNet-18,3.5,22,6.571,0.96784
ETHZ,ResNet-18,3.5,23,6.857,0.96594
ETHZ,ResNet-18,3.5,24,7.143,0.96922
ETHZ,ResNet-18,3.5,25,7.429,0.96814
ETHZ,ResNet-18,3.5,26,7.714,0.96999
ETHZ,ResNet-18,3.5,27,8.000,0.97029
ETHZ,ResNet-18,3.5,28,8.286,0.97045
ETHZ,ResNet-18,3.5,29,8.571,0.96949
ETHZ,ResNet-18,3.5,30,8.857,0.96965
ETHZ,ResNet-18,3.5,31,9.143,0.96819
ETHZ,ResNet-18,3.5,32,9.429,0.96833
ETHZ,ResNet-18,4,6,1.750,0.92607
ETHZ,ResNet-18,4,7,2.000,0.93488
ETHZ,ResNet-18,4,8,2.250,0.94724
ETHZ,ResNet-18,4,9,2.500,0.95459
ETHZ,ResNet-18,4,10,2.750,0.95856
ETHZ,ResNet-18,4,11,3.000,0.96211
ETHZ,ResNet-18,4,12,3.250,0.96801
ETHZ,ResNet-18,4,13,3.500,0.96925
ETHZ,ResNet-18,4,14,3.750,0.96770
ETHZ,ResNet-18,4,15,4.000,0.96988
ETHZ,ResNet-18,4,16,4.250,0.96521
ETHZ,ResNet-18,4,17,4.500,0.96475
ETHZ,ResNet-18,4,18,4.750,0.96284
ETHZ,ResNet-18,4,19,5.000,0.96310
ETHZ,ResNet-18,4,20,5.250,0.96152
ETHZ,ResNet-18,4,21,5.500,0.96357
ETHZ,ResNet-18,4,22,5.750,0.96199
ETHZ,ResNet-18,4,23,6.000,0.96304
ETHZ,ResNet-18,4,24,6.250,0.96465
ETHZ,ResNet-18,4,25,6.500,0.96473
ETHZ,ResNet-18,4,26,6.750,0.96817
ETHZ,ResNet-18,4,27,7.000,0.96643
ETHZ,ResNet-18,4,28,7.250,0.96802
ETHZ,ResNet-18,4,29,7.500,0.96806
ETHZ,ResNet-18,4,30,7.750,0.96991
ETHZ,ResNet-18,4,31,8.000,0.97015
ETHZ,ResNet-18,4,32,8.250,0.97035
ETHZ,ResNet-18,5,6,1.400,0.90394
ETHZ,ResNet-18,5,7,1.600,0.90820
ETHZ,ResNet-18,5,8,1.800,0.92655
ETHZ,ResNet-18,5,9,2.000,0.93366
ETHZ,ResNet-18,5,10,2.200,0.94423
ETHZ,ResNet-18,5,11,2.400,0.95090
ETHZ,ResNet-18,5,12,2.600,0.95399
ETHZ,ResNet-18,5,13,2.800,0.95791
ETHZ,ResNet-18,5,14,3.000,0.96483
ETHZ,ResNet-18,5,15,3.200,0.96655
ETHZ,ResNet-18,5,16,3.400,0.96880
ETHZ,ResNet-18,5,17,3.600,0.96988
ETHZ,ResNet-18,5,18,3.800,0.96832
ETHZ,ResNet-18,5,19,4.000,0.97005
ETHZ,ResNet-18,5,20,4.200,0.96744
ETHZ,ResNet-18,5,21,4.400,0.96714
ETHZ,ResNet-18,5,22,4.600,0.96383
ETHZ,ResNet-18,5,23,4.800,0.96361
ETHZ,ResNet-18,5,24,5.000,0.96227
ETHZ,ResNet-18,5,25,5.200,0.96299
ETHZ,ResNet-18,5,26,5.400,0.96177
ETHZ,ResNet-18,5,27,5.600,0.96343
ETHZ,ResNet-18,5,28,5.800,0.96166
ETHZ,ResNet-18,5,29,6.000,0.96282
ETHZ,ResNet-18,5,30,6.200,0.96384
ETHZ,ResNet-18,5,31,6.400,0.96420
ETHZ,ResNet-18,5,32,6.600,0.96664
ETHZ,ResNet-18,6,6,1.167,0.89186
ETHZ,ResNet-18,6,7,1.333,0.89341
ETHZ,ResNet-18,6,8,1.500,0.90800
ETHZ,ResNet-18,6,9,1.667,0.91206
ETHZ,ResNet-18,6,10,1.833,0.92698
ETHZ,ResNet-18,6,11,2.000,0.93288
ETHZ,ResNet-18,6,12,2.167,0.94213
ETHZ,ResNet-18,6,13,2.333,0.94775
ETHZ,ResNet-18,6,14,2.500,0.95361
ETHZ,ResNet-18,6,15,2.667,0.95770
ETHZ,ResNet-18,6,16,2.833,0.96082
ETHZ,ResNet-18,6,17,3.000,0.96320
ETHZ,ResNet-18,6,18,3.167,0.96749
ETHZ,ResNet-18,6,19,3.333,0.96862
ETHZ,ResNet-18,6,20,3.500,0.96892
ETHZ,ResNet-18,6,21,3.667,0.96997
ETHZ,ResNet-18,6,22,3.833,0.96841
ETHZ,ResNet-18,6,23,4.000,0.96981
ETHZ,ResNet-18,6,24,4.167,0.96773
ETHZ,ResNet-18,6,25,4.333,0.96795
ETHZ,ResNet-18,6,26,4.500,0.96477
ETHZ,ResNet-18,6,27,4.667,0.96397
ETHZ,ResNet-18,6,28,4.833,0.96272
ETHZ,ResNet-18,6,29,5.000,0.96283
ETHZ,ResNet-18,6,30,5.167,0.96175
ETHZ,ResNet-18,6,31,5.333,0.96261
ETHZ,ResNet-18,6,32,5.500,0.96157
ETHZ,ResNet-18,8,6,0.875,0.88336
ETHZ,ResNet-18,8,7,1.000,0.88362
ETHZ,ResNet-18,8,8,1.125,0.88938
ETHZ,ResNet-18,8,9,1.250,0.89022
ETHZ,ResNet-18,8,10,1.375,0.89963
ETHZ,ResNet-18,8,11,1.500,0.90157
ETHZ,ResNet-18,8,12,1.625,0.91334
ETHZ,ResNet-18,8,13,1.750,0.91674
ETHZ,ResNet-18,8,14,1.875,0.92759
ETHZ,ResNet-18,8,15,2.000,0.93207
ETHZ,ResNet-18,8,16,2.125,0.93947
ETHZ,ResNet-18,8,17,2.250,0.94382
ETHZ,ResNet-18,8,18,2.375,0.94893
ETHZ,ResNet-18,8,19,2.500,0.95281
ETHZ,ResNet-18,8,20,2.625,0.95451
ETHZ,ResNet-18,8,21,2.750,0.95719
ETHZ,ResNet-18,8,22,2.875,0.96055
ETHZ,ResNet-18,8,23,3.000,0.96226
ETHZ,ResNet-18,8,24,3.125,0.96618
ETHZ,ResNet-18,8,25,3.250,0.96720
ETHZ,ResNet-18,8,26,3.375,0.96876
ETHZ,ResNet-18,8,27,3.500,0.96944
ETHZ,ResNet-18,8,28,3.625,0.96900
ETHZ,ResNet-18,8,29,3.750,0.96983
ETHZ,ResNet-18,8,30,3.875,0.96853
ETHZ,ResNet-18,8,31,4.000,0.96959
ETHZ,ResNet-18,8,32,4.125,0.96817
ETHZ,ViT-B/16,2,6,3.500,0.97589
ETHZ,ViT-B/16,2,7,4.000,0.97438
ETHZ,ViT-B/16,2,8,4.500,0.96968
ETHZ,ViT-B/16,2,9,5.000,0.97214
ETHZ,ViT-B/16,2,10,5.500,0.96752
ETHZ,ViT-B/16,2,11,6.000,0.96672
ETHZ,ViT-B/16,2,12,6.500,0.97219
ETHZ,ViT-B/16,2,13,7.000,0.97206
ETHZ,ViT-B/16,2,14,7.500,0.97249
ETHZ,ViT-B/16,2,15,8.000,0.97191
ETHZ,ViT-B/16,2,16,8.500,0.97280
ETHZ,ViT-B/16,2,17,9.000,0.97132
ETHZ,ViT-B/16,2,18,9.500,0.97173
ETHZ,ViT-B/16,2,19,10.000,0.97104
ETHZ,ViT-B/16,2,20,10.500,0.96893
ETHZ,ViT-B/16,2,21,11.000,0.96839
ETHZ,ViT-B/16,2,22,11.500,0.96672
ETHZ,ViT-B/16,2,23,12.000,0.96608
ETHZ,ViT-B/16,2,24,12.500,0.96446
ETHZ,ViT-B/16,2,25,13.000,0.96489
ETHZ,ViT-B/16,2,26,13.500,0.96466
ETHZ,ViT-B/16,2,27,14.000,0.96462
ETHZ,ViT-B/16,2,28,14.500,0.96297
ETHZ,ViT-B/16,2,29,15.000,0.96427
ETHZ,ViT-B/16,2,30,15.500,0.96472
ETHZ,ViT-B/16,2,31,16.000,0.96475
ETHZ,ViT-B/16,2,32,16.500,0.96490
ETHZ,ViT-B/16,2.5,6,2.800,0.96383
ETHZ,ViT-B/16,2.5,7,3.200,0.96820
ETHZ,ViT-B/16,2.5,8,3.600,0.97575
ETHZ,ViT-B/16,2.5,9,4.000,0.97625
ETHZ,ViT-B/16,2.5,10,4.400,0.97312
ETHZ,ViT-B/16,2.5,11,4.800,0.97289
ETHZ,ViT-B/16,2.5,12,5.200,0.96861
ETHZ,ViT-B/16,2.5,13,5.600,0.97137
ETHZ,ViT-B/16,2.5,14,6.000,0.97142
ETHZ,ViT-B/16,2.5,15,6.400,0.97098
ETHZ,ViT-B/16,2.5,16,6.800,0.97440
ETHZ,ViT-B/16,2.5,17,7.200,0.97422
ETHZ,ViT-B/16,2.5,18,7.600,0.97483
ETHZ,ViT-B/16,2.5,19,8.000,0.97563
ETHZ,ViT-B/16,2.5,20,8.400,0.97616
ETHZ,ViT-B/16,2.5,21,8.800,0.97420
ETHZ,ViT-B/16,2.5,22,9.200,0.97458
ETHZ,ViT-B/16,2.5,23,9.600,0.97306
ETHZ,ViT-B/16,2.5,24,10.000,0.97275
ETHZ,ViT-B/16,2.5,25,10.400,0.97256
ETHZ,ViT-B/16,2.5,26,10.800,0.97110
ETHZ,ViT-B/16,2.5,27,11.200,0.97057
ETHZ,ViT-B/16,2.5,28,11.600,0.96875
ETHZ,ViT-B/16,2.5,29,12.000,0.96821
ETHZ,ViT-B/16,2.5,30,12.400,0.96772
ETHZ,ViT-B/16,2.5,31,12.800,0.96727
ETHZ,ViT-B/16,2.5,32,13.200,0.96697
ETHZ,ViT-B/16,3,6,2.333,0.95299
ETHZ,ViT-B/16,3,7,2.667,0.95987
ETHZ,ViT-B/16,3,8,3.000,0.96855
ETHZ,ViT-B/16,3,9,3.333,0.97096
ETHZ,ViT-B/16,3,10,3.667,0.97536
ETHZ,ViT-B/16,3,11,4.000,0.97603
ETHZ,ViT-B/16,3,12,4.333,0.97374
ETHZ,ViT-B/16,3,13,4.667,0.97211
ETHZ,ViT-B/16,3,14,5.000,0.96882
ETHZ,ViT-B/16,3,15,5.333,0.97137
ETHZ,ViT-B/16,3,16,5.667,0.96765
ETHZ,ViT-B/16,3,17,6.000,0.96905
ETHZ,ViT-B/16,3,18,6.333,0.97276
ETHZ,ViT-B/16,3,19,6.667,0.97250
ETHZ,ViT-B/16,3,20,7.000,0.97488
ETHZ,ViT-B/16,3,21,7.333,0.97501
ETHZ,ViT-B/16,3,22,7.667,0.97546
ETHZ,ViT-B/16,3,23,8.000,0.97640
ETHZ,ViT-B/16,3,24,8.333,0.97685
ETHZ,ViT-B/16,3,25,8.667,0.97567
ETHZ,ViT-B/16,3,26,9.000,0.97602
ETHZ,ViT-B/16,3,27,9.333,0.97451
ETHZ,ViT-B/16,3,28,9.667,0.97444
ETHZ,ViT-B/16,3,29,10.000,0.97347
ETHZ,ViT-B/16,3,30,10.333,0.97310
ETHZ,ViT-B/16,3,31,10.667,0.97311
ETHZ,ViT-B/16,3,32,11.000,0.97187
ETHZ,ViT-B/16,3.5,6,2.000,0.94042
ETHZ,ViT-B/16,3.5,7,2.286,0.94748
ETHZ,ViT-B/16,3.5,8,2.571,0.95400
ETHZ,ViT-B/16,3.5,9,2.857,0.95901
ETHZ,ViT-B/16,3.5,10,3.143,0.96961
ETHZ,ViT-B/16,3.5,11,3.429,0.97102
ETHZ,ViT-B/16,3.5,12,3.714,0.97477
ETHZ,ViT-B/16,3.5,13,4.000,0.97513
ETHZ,ViT-B/16,3.5,14,4.286,0.97381
ETHZ,ViT-B/16,3.5,15,4.571,0.97199
ETHZ,ViT-B/16,3.5,16,4.857,0.96965
ETHZ,ViT-B/16,3.5,17,5.143,0.97114
ETHZ,ViT-B/16,3.5,18,5.429,0.96819
ETHZ,ViT-B/16,3.5,19,5.714,0.97046
ETHZ,ViT-B/16,3.5,20,6.000,0.96948
ETHZ,ViT-B/16,3.5,21,6.286,0.96954
ETHZ,ViT-B/16,3.5,22,6.571,0.97395
ETHZ,ViT-B/16,3.5,23,6.857,0.97353
ETHZ,ViT-B/16,3.5,24,7.143,0.97509
ETHZ,ViT-B/16,3.5,25,7.429,0.97535
ETHZ,ViT-B/16,3.5,26,7.714,0.97571
ETHZ,ViT-B/16,3.5,27,8.000,0.97647
ETHZ,ViT-B/16,3.5,28,8.286,0.97698
ETHZ,ViT-B/16,3.5,29,8.571,0.97617
ETHZ,ViT-B/16,3.5,30,8.857,0.97668
ETHZ,ViT-B/16,3.5,31,9.143,0.97513
ETHZ,ViT-B/16,3.5,32,9.429,0.97508
ETHZ,ViT-B/16,4,6,1.750,0.93119
ETHZ,ViT-B/16,4,7,2.000,0.93600
ETHZ,ViT-B/16,4,8,2.250,0.94805
ETHZ,ViT-B/16,4,9,2.500,0.95379
ETHZ,ViT-B/16,4,10,2.750,0.95862
ETHZ,ViT-B/16,4,11,3.000,0.96222
ETHZ,ViT-B/16,4,12,3.250,0.97062
ETHZ,ViT-B/16,4,13,3.500,0.97157
ETHZ,ViT-B/16,4,14,3.750,0.97472
ETHZ,ViT-B/16,4,15,4.000,0.97525
ETHZ,ViT-B/16,4,16,4.250,0.97455
ETHZ,ViT-B/16,4,17,4.500,0.97340
ETHZ,ViT-B/16,4,18,4.750,0.97067
ETHZ,ViT-B/16,4,19,5.000,0.97127
ETHZ,ViT-B/16,4,20,5.250,0.96876
ETHZ,ViT-B/16,4,21,5.500,0.97086
ETHZ,ViT-B/16,4,22,5.750,0.96812
ETHZ,ViT-B/16,4,23,6.000,0.96950
ETHZ,ViT-B/16,4,24,6.250,0.97087
ETHZ,ViT-B/16,4,25,6.500,0.97060
ETHZ,ViT-B/16,4,26,6.750,0.97432
ETHZ,ViT-B/16,4,27,7.000,0.97397
ETHZ,ViT-B/16,4,28,7.250,0.97502
ETHZ,ViT-B/16,4,29,7.500,0.97531
ETHZ,ViT-B/16,4,30,7.750,0.97566
ETHZ,ViT-B/16,4,31,8.000,0.97646
ETHZ,ViT-B/16,4,32,8.250,0.97685
ETHZ,ViT-B/16,5,6,1.400,0.91877
ETHZ,ViT-B/16,5,7,1.600,0.92042
ETHZ,ViT-B/16,5,8,1.800,0.93134
ETHZ,ViT-B/16,5,9,2.000,0.93513
ETHZ,ViT-B/16,5,10,2.200,0.94501
ETHZ,ViT-B/16,5,11,2.400,0.94994
ETHZ,ViT-B/16,5,12,2.600,0.95404
ETHZ,ViT-B/16,5,13,2.800,0.95767
ETHZ,ViT-B/16,5,14,3.000,0.96565
ETHZ,ViT-B/16,5,15,3.200,0.96758
ETHZ,ViT-B/16,5,16,3.400,0.97197
ETHZ,ViT-B/16,5,17,3.600,0.97253
ETHZ,ViT-B/16,5,18,3.800,0.97489
ETHZ,ViT-B/16,5,19,4.000,0.97530
ETHZ,ViT-B/16,5,20,4.200,0.97550
ETHZ,ViT-B/16,5,21,4.400,0.97479
ETHZ,ViT-B/16,5,22,4.600,0.97220
ETHZ,ViT-B/16,5,23,4.800,0.97184
ETHZ,ViT-B/16,5,24,5.000,0.96990
ETHZ,ViT-B/16,5,25,5.200,0.97097
ETHZ,ViT-B/16,5,26,5.400,0.96901
ETHZ,ViT-B/16,5,27,5.600,0.97079
ETHZ,ViT-B/16,5,28,5.800,0.96862
ETHZ,ViT-B/16,5,29,6.000,0.96979
ETHZ,ViT-B/16,5,30,6.200,0.97020
ETHZ,ViT-B/16,5,31,6.400,0.97026
ETHZ,ViT-B/16,5,32,6.600,0.97316
ETHZ,ViT-B/16,6,6,1.167,0.91284
ETHZ,ViT-B/16,6,7,1.333,0.91341
ETHZ,ViT-B/16,6,8,1.500,0.92085
ETHZ,ViT-B/16,6,9,1.667,0.92248
ETHZ,ViT-B/16,6,10,1.833,0.93151
ETHZ,ViT-B/16,6,11,2.000,0.93469
ETHZ,ViT-B/16,6,12,2.167,0.94298
ETHZ,ViT-B/16,6,13,2.333,0.94704
ETHZ,ViT-B/16,6,14,2.500,0.95407
ETHZ,ViT-B/16,6,15,2.667,0.95751
ETHZ,ViT-B/16,6,16,2.833,0.96117
ETHZ,ViT-B/16,6,17,3.000,0.96354
ETHZ,ViT-B/16,6,18,3.167,0.96872
ETHZ,ViT-B/16,6,19,3.333,0.96993
ETHZ,ViT-B/16,6,20,3.500,0.97282
ETHZ,ViT-B/16,6,21,3.667,0.97329
ETHZ,ViT-B/16,6,22,3.833,0.97493
ETHZ,ViT-B/16,6,23,4.000,0.97528
ETHZ,ViT-B/16,6,24,4.167,0.97560
ETHZ,ViT-B/16,6,25,4.333,0.97528
ETHZ,ViT-B/16,6,26,4.500,0.97346
ETHZ,ViT-B/16,6,27,4.667,0.97274
ETHZ,ViT-B/16,6,28,4.833,0.97073
ETHZ,ViT-B/16,6,29,5.000,0.97101
ETHZ,ViT-B/16,6,30,5.167,0.96934
ETHZ,ViT-B/16,6,31,5.333,0.97057
ETHZ,ViT-B/16,6,32,5.500,0.96886
ETHZ,ViT-B/16,8,6,0.875,0.90901
ETHZ,ViT-B/16,8,7,1.000,0.90909
ETHZ,ViT-B/16,8,8,1.125,0.91172
ETHZ,ViT-B/16,8,9,1.250,0.91206
ETHZ,ViT-B/16,8,10,1.375,0.91658
ETHZ,ViT-B/16,8,11,1.500,0.91729
ETHZ,ViT-B/16,8,12,1.625,0.92366
ETHZ,ViT-B/16,8,13,1.750,0.92517
ETHZ,ViT-B/16,8,14,1.875,0.93178
ETHZ,ViT-B/16,8,15,2.000,0.93415
ETHZ,ViT-B/16,8,16,2.125,0.94032
ETHZ,ViT-B/16,8,17,2.250,0.94342
ETHZ,ViT-B/16,8,18,2.375,0.94923
ETHZ,ViT-B/16,8,19,2.500,0.95208
ETHZ,ViT-B/16,8,20,2.625,0.95431
ETHZ,ViT-B/16,8,21,2.750,0.95669
ETHZ,ViT-B/16,8,22,2.875,0.96071
ETHZ,ViT-B/16,8,23,3.000,0.96243
ETHZ,ViT-B/16,8,24,3.125,0.96710
ETHZ,ViT-B/16,8,25,3.250,0.96817
ETHZ,ViT-B/16,8,26,3.375,0.97087
ETHZ,ViT-B/16,8,27,3.500,0.97135
ETHZ,ViT-B/16,8,28,3.625,0.97325
ETHZ,ViT-B/16,8,29,3.750,0.97352
ETHZ,ViT-B/16,8,30,3.875,0.97481
ETHZ,ViT-B/16,8,31,4.000,0.97508
ETHZ,ViT-B/16,8,32,4.125,0.97545
Kimia-216,ResNet-18,2,6,3.500,0.93998
Kimia-216,ResNet-18,2,7,4.000,0.93967
Kimia-216,ResNet-18,2,8,4.500,0.94876
Kimia-216,ResNet-18,2,9,5.000,0.95260
Kimia-216,ResNet-18,2,10,5.500,0.95184
Kimia-216,ResNet-18,2,11,6.000,0.95591
Kimia-216,ResNet-18,2,12,6.500,0.95657
Kimia-216,ResNet-18,2,13,7.000,0.95652
Kimia-216,ResNet-18,2,14,7.500,0.95962
Kimia-216,ResNet-18,2,15,8.000,0.96061
Kimia-216,ResNet-18,2,16,8.500,0.95948
Kimia-216,ResNet-18,2,17,9.000,0.95927
Kimia-216,ResNet-18,2,18,9.500,0.95861
Kimia-216,ResNet-18,2,19,10.000,0.95779
Kimia-216,ResNet-18,2,20,10.500,0.95709
Kimia-216,ResNet-18,2,21,11.000,0.95730
Kimia-216,ResNet-18,2,22,11.500,0.95539
Kimia-216,ResNet-18,2,23,12.000,0.95547
Kimia-216,ResNet-18,2,24,12.500,0.95520
Kimia-216,ResNet-18,2,25,13.000,0.95401
Kimia-216,ResNet-18,2,26,13.500,0.95364
Kimia-216,ResNet-18,2,27,14.000,0.95294
Kimia-216,ResNet-18,2,28,14.500,0.95287
Kimia-216,ResNet-18,2,29,15.000,0.95212
Kimia-216,ResNet-18,2,30,15.500,0.95088
Kimia-216,ResNet-18,2,31,16.000,0.95102
Kimia-216,ResNet-18,2,32,16.500,0.95079
Kimia-216,ResNet-18,2.5,6,2.800,0.91727
Kimia-216,ResNet-18,2.5,7,3.200,0.91518
Kimia-216,ResNet-18,2.5,8,3.600,0.93348
Kimia-216,ResNet-18,2.5,9,4.000,0.93514
Kimia-216,ResNet-18,2.5,10,4.400,0.94464
Kimia-216,ResNet-18,2.5,11,4.800,0.94603
Kimia-216,ResNet-18,2.5,12,5.200,0.94699
Kimia-216,ResNet-18,2.5,13,5.600,0.95207
Kimia-216,ResNet-18,2.5,14,6.000,0.95105
Kimia-216,ResNet-18,2.5,15,6.400,0.95255
Kimia-216,ResNet-18,2.5,16,6.800,0.95387
Kimia-216,ResNet-18,2.5,17,7.200,0.95377
Kimia-216,ResNet-18,2.5,18,7.600,0.95713
Kimia-216,ResNet-18,2.5,19,8.000,0.95828
Kimia-216,ResNet-18,2.5,20,8.400,0.95931
Kimia-216,ResNet-18,2.5,21,8.800,0.95916
Kimia-216,ResNet-18,2.5,22,9.200,0.95783
Kimia-216,ResNet-18,2.5,23,9.600,0.95840
Kimia-216,ResNet-18,2.5,24,10.000,0.95895
Kimia-216,ResNet-18,2.5,25,10.400,0.95883
Kimia-216,ResNet-18,2.5,26,10.800,0.95790
Kimia-216,ResNet-18,2.5,27,11.200,0.95695
Kimia-216,ResNet-18,2.5,28,11.600,0.95815
Kimia-216,ResNet-18,2.5,29,12.000,0.95697
Kimia-216,ResNet-18,2.5,30,12.400,0.95560
Kimia-216,ResNet-18,2.5,31,12.800,0.95439
Kimia-216,ResNet-18,2.5,32,13.200,0.95441
Kimia-216,ResNet-18,3,6,2.333,0.90930
Kimia-216,ResNet-18,3,7,2.667,0.91190
Kimia-216,ResNet-18,3,8,3.000,0.91977
Kimia-216,ResNet-18,3,9,3.333,0.91613
Kimia-216,ResNet-18,3,10,3.667,0.93213
Kimia-216,ResNet-18,3,11,4.000,0.93243
Kimia-216,ResNet-18,3,12,4.333,0.94089
Kimia-216,ResNet-18,3,13,4.667,0.94174
Kimia-216,ResNet-18,3,14,5.000,0.94441
Kimia-216,ResNet-18,3,15,5.333,0.94754
Kimia-216,ResNet-18,3,16,5.667,0.94727
Kimia-216,ResNet-18,3,17,6.000,0.95053
Kimia-216,ResNet-18,3,18,6.333,0.94987
Kimia-216,ResNet-18,3,19,6.667,0.95121
Kimia-216,ResNet-18,3,20,7.000,0.95366
Kimia-216,ResNet-18,3,21,7.333,0.95377
Kimia-216,ResNet-18,3,22,7.667,0.95717
Kimia-216,ResNet-18,3,23,8.000,0.95739
Kimia-216,ResNet-18,3,24,8.333,0.95809
Kimia-216,ResNet-18,3,25,8.667,0.95834
Kimia-216,ResNet-18,3,26,9.000,0.95743
Kimia-216,ResNet-18,3,27,9.333,0.95742
Kimia-216,ResNet-18,3,28,9.667,0.95783
Kimia-216,ResNet-18,3,29,10.000,0.95744
Kimia-216,ResNet-18,3,30,10.333,0.95701
Kimia-216,ResNet-18,3,31,10.667,0.95760
Kimia-216,ResNet-18,3,32,11.000,0.95661
Kimia-216,ResNet-18,3.5,6,2.000,0.89661
Kimia-216,ResNet-18,3.5,7,2.286,0.90825
Kimia-216,ResNet-18,3.5,8,2.571,0.91421
Kimia-216,ResNet-18,3.5,9,2.857,0.91343
Kimia-216,ResNet-18,3.5,10,3.143,0.92324
Kimia-216,ResNet-18,3.5,11,3.429,0.91893
Kimia-216,ResNet-18,3.5,12,3.714,0.93153
Kimia-216,ResNet-18,3.5,13,4.000,0.93039
Kimia-216,ResNet-18,3.5,14,4.286,0.93819
Kimia-216,ResNet-18,3.5,15,4.571,0.93855
Kimia-216,ResNet-18,3.5,16,4.857,0.94204
Kimia-216,ResNet-18,3.5,17,5.143,0.94274
Kimia-216,ResNet-18,3.5,18,5.429,0.94733
Kimia-216,ResNet-18,3.5,19,5.714,0.95087
Kimia-216,ResNet-18,3.5,20,6.000,0.94855
Kimia-216,ResNet-18,3.5,21,6.286,0.95170
Kimia-216,ResNet-18,3.5,22,6.571,0.95123
Kimia-216,ResNet-18,3.5,23,6.857,0.95163
Kimia-216,ResNet-18,3.5,24,7.143,0.95464
Kimia-216,ResNet-18,3.5,25,7.429,0.95418
Kimia-216,ResNet-18,3.5,26,7.714,0.95749
Kimia-216,ResNet-18,3.5,27,8.000,0.95654
Kimia-216,ResNet-18,3.5,28,8.286,0.95757
Kimia-216,ResNet-18,3.5,29,8.571,0.95804
Kimia-216,ResNet-18,3.5,30,8.857,0.95767
Kimia-216,ResNet-18,3.5,31,9.143,0.95870
Kimia-216,ResNet-18,3.5,32,9.429,0.95659
Kimia-216,ResNet-18,4,6,1.750,0.88805
Kimia-216,ResNet-18,4,7,2.000,0.90021
Kimia-216,ResNet-18,4,8,2.250,0.90519
Kimia-216,ResNet-18,4,9,2.500,0.91101
Kimia-216,ResNet-18,4,10,2.750,0.91384
Kimia-216,ResNet-18,4,11,3.000,0.91430
Kimia-216,ResNet-18,4,12,3.250,0.92347
Kimia-216,ResNet-18,4,13,3.500,0.92022
Kimia-216,ResNet-18,4,14,3.750,0.92824
Kimia-216,ResNet-18,4,15,4.000,0.92886
Kimia-216,ResNet-18,4,16,4.250,0.93542
Kimia-216,ResNet-18,4,17,4.500,0.93555
Kimia-216,ResNet-18,4,18,4.750,0.94191
Kimia-216,ResNet-18,4,19,5.000,0.94217
Kimia-216,ResNet-18,4,20,5.250,0.94265
Kimia-216,ResNet-18,4,21,5.500,0.94591
Kimia-216,ResNet-18,4,22,5.750,0.94654
Kimia-216,ResNet-18,4,23,6.000,0.94916
Kimia-216,ResNet-18,4,24,6.250,0.94827
Kimia-216,ResNet-18,4,25,6.500,0.95023
Kimia-216,ResNet-18,4,26,6.750,0.95021
Kimia-216,ResNet-18,4,27,7.000,0.95072
Kimia-216,ResNet-18,4,28,7.250,0.95384
Kimia-216,ResNet-18,4,29,7.500,0.95347
Kimia-216,ResNet-18,4,30,7.750,0.95617
Kimia-216,ResNet-18,4,31,8.000,0.95656
Kimia-216,ResNet-18,4,32,8.250,0.95756
Kimia-216,ResNet-18,5,6,1.400,0.87651
Kimia-216,ResNet-18,5,7,1.600,0.88484
Kimia-216,ResNet-18,5,8,1.800,0.88940
Kimia-216,ResNet-18,5,9,2.000,0.89865
Kimia-216,ResNet-18,5,10,2.200,0.90284
Kimia-216,ResNet-18,5,11,2.400,0.90876
Kimia-216,ResNet-18,5,12,2.600,0.91340
Kimia-216,ResNet-18,5,13,2.800,0.91253
Kimia-216,ResNet-18,5,14,3.000,0.91712
Kimia-216,ResNet-18,5,15,3.200,0.91662
Kimia-216,ResNet-18,5,16,3.400,0.92243
Kimia-216,ResNet-18,5,17,3.600,0.92031
Kimia-216,ResNet-18,5,18,3.800,0.92742
Kimia-216,ResNet-18,5,19,4.000,0.92551
Kimia-216,ResNet-18,5,20,4.200,0.93225
Kimia-216,ResNet-18,5,21,4.400,0.93291
Kimia-216,ResNet-18,5,22,4.600,0.93797
Kimia-216,ResNet-18,5,23,4.800,0.93723
Kimia-216,ResNet-18,5,24,5.000,0.93978
Kimia-216,ResNet-18,5,25,5.200,0.93998
Kimia-216,ResNet-18,5,26,5.400,0.94042
Kimia-216,ResNet-18,5,27,5.600,0.94573
Kimia-216,ResNet-18,5,28,5.800,0.94561
Kimia-216,ResNet-18,5,29,6.000,0.94939
Kimia-216,ResNet-18,5,30,6.200,0.94655
Kimia-216,ResNet-18,5,31,6.400,0.94929
Kimia-216,ResNet-18,5,32,6.600,0.94962
Kimia-216,ResNet-18,6,6,1.167,0.87207
Kimia-216,ResNet-18,6,7,1.333,0.87578
Kimia-216,ResNet-18,6,8,1.500,0.87806
Kimia-216,ResNet-18,6,9,1.667,0.88653
Kimia-216,ResNet-18,6,10,1.833,0.89007
Kimia-216,ResNet-18,6,11,2.000,0.89749
Kimia-216,ResNet-18,6,12,2.167,0.90129
Kimia-216,ResNet-18,6,13,2.333,0.90730
Kimia-216,ResNet-18,6,14,2.500,0.91013
Kimia-216,ResNet-18,6,15,2.667,0.91031
Kimia-216,ResNet-18,6,16,2.833,0.91373
Kimia-216,ResNet-18,6,17,3.000,0.91388
Kimia-216,ResNet-18,6,18,3.167,0.92059
Kimia-216,ResNet-18,6,19,3.333,0.91870
Kimia-216,ResNet-18,6,20,3.500,0.92417
Kimia-216,ResNet-18,6,21,3.667,0.92191
Kimia-216,ResNet-18,6,22,3.833,0.92683
Kimia-216,ResNet-18,6,23,4.000,0.92638
Kimia-216,ResNet-18,6,24,4.167,0.93092
Kimia-216,ResNet-18,6,25,4.333,0.93199
Kimia-216,ResNet-18,6,26,4.500,0.93611
Kimia-216,ResNet-18,6,27,4.667,0.93681
Kimia-216,ResNet-18,6,28,4.833,0.94008
Kimia-216,ResNet-18,6,29,5.000,0.94095
Kimia-216,ResNet-18,6,30,5.167,0.94312
Kimia-216,ResNet-18,6,31,5.333,0.94353
Kimia-216,ResNet-18,6,32,5.500,0.94113
Kimia-216,ResNet-18,8,6,0.875,0.86944
Kimia-216,ResNet-18,8,7,1.000,0.87034
Kimia-216,ResNet-18,8,8,1.125,0.87139
Kimia-216,ResNet-18,8,9,1.250,0.87364
Kimia-216,ResNet-18,8,10,1.375,0.87561
Kimia-216,ResNet-18,8,11,1.500,0.87952
Kimia-216,ResNet-18,8,12,1.625,0.88157
Kimia-216,ResNet-18,8,13,1.750,0.88801
Kimia-216,ResNet-18,8,14,1.875,0.89037
Kimia-216,ResNet-18,8,15,2.000,0.89640
Kimia-216,ResNet-18,8,16,2.125,0.89853
Kimia-216,ResNet-18,8,17,2.250,0.90425
Kimia-216,ResNet-18,8,18,2.375,0.90623
Kimia-216,ResNet-18,8,19,2.500,0.90935
Kimia-216,ResNet-18,8,20,2.625,0.91279
Kimia-216,ResNet-18,8,21,2.750,0.91183
Kimia-216,ResNet-18,8,22,2.875,0.91383
Kimia-216,ResNet-18,8,23,3.000,0.91380
Kimia-216,ResNet-18,8,24,3.125,0.91799
Kimia-216,ResNet-18,8,25,3.250,0.91752
Kimia-216,ResNet-18,8,26,3.375,0.92158
Kimia-216,ResNet-18,8,27,3.500,0.92030
Kimia-216,ResNet-18,8,28,3.625,0.92499
Kimia-216,ResNet-18,8,29,3.750,0.92261
Kimia-216,ResNet-18,8,30,3.875,0.92646
Kimia-216,ResNet-18,8,31,4.000,0.92585
Kimia-216,ResNet-18,8,32,4.125,0.93005
Kimia-99,ResNet-18,2,6,3.500,0.78454
Kimia-99,ResNet-18,2,7,4.000,0.78680
Kimia-99,ResNet-18,2,8,4.500,0.76627
Kimia-99,ResNet-18,2,9,5.000,0.78545
Kimia-99,ResNet-18,2,10,5.500,0.78855
Kimia-99,ResNet-18,2,11,6.000,0.79549
Kimia-99,ResNet-18,2,12,6.500,0.79405
Kimia-99,ResNet-18,2,13,7.000,0.79413
Kimia-99,ResNet-18,2,14,7.500,0.78714
Kimia-99,ResNet-18,2,15,8.000,0.78327
Kimia-99,ResNet-18,2,16,8.500,0.77705
Kimia-99,ResNet-18,2,17,9.000,0.77764
Kimia-99,ResNet-18,2,18,9.500,0.77411
Kimia-99,ResNet-18,2,19,10.000,0.77162
Kimia-99,ResNet-18,2,20,10.500,0.77003
Kimia-99,ResNet-18,2,21,11.000,0.76793
Kimia-99,ResNet-18,2,22,11.500,0.76356
Kimia-99,ResNet-18,2,23,12.000,0.76192
Kimia-99,ResNet-18,2,24,12.500,0.76083
Kimia-99,ResNet-18,2,25,13.000,0.75843
Kimia-99,ResNet-18,2,26,13.500,0.75526
Kimia-99,ResNet-18,2,27,14.000,0.74978
Kimia-99,ResNet-18,2,28,14.500,0.74658
Kimia-99,ResNet-18,2,29,15.000,0.74861
Kimia-99,ResNet-18,2,30,15.500,0.74811
Kimia-99,ResNet-18,2,31,16.000,0.74813
Kimia-99,ResNet-18,2,32,16.500,0.74794
Kimia-99,ResNet-18,2.5,6,2.800,0.79024
Kimia-99,ResNet-18,2.5,7,3.200,0.78108
Kimia-99,ResNet-18,2.5,8,3.600,0.79276
Kimia-99,ResNet-18,2.5,9,4.000,0.79541
Kimia-99,ResNet-18,2.5,10,4.400,0.78600
Kimia-99,ResNet-18,2.5,11,4.800,0.79468
Kimia-99,ResNet-18,2.5,12,5.200,0.78836
Kimia-99,ResNet-18,2.5,13,5.600,0.79610
Kimia-99,ResNet-18,2.5,14,6.000,0.79861
Kimia-99,ResNet-18,2.5,15,6.400,0.79990
Kimia-99,ResNet-18,2.5,16,6.800,0.79748
Kimia-99,ResNet-18,2.5,17,7.200,0.79576
Kimia-99,ResNet-18,2.5,18,7.600,0.79314
Kimia-99,ResNet-18,2.5,19,8.000,0.79354
Kimia-99,ResNet-18,2.5,20,8.400,0.78637
Kimia-99,ResNet-18,2.5,21,8.800,0.78669
Kimia-99,ResNet-18,2.5,22,9.200,0.78492
Kimia-99,ResNet-18,2.5,23,9.600,0.78266
Kimia-99,ResNet-18,2.5,24,10.000,0.78171
Kimia-99,ResNet-18,2.5,25,10.400,0.77809
Kimia-99,ResNet-18,2.5,26,10.800,0.77795
Kimia-99,ResNet-18,2.5,27,11.200,0.77566
Kimia-99,ResNet-18,2.5,28,11.600,0.77352
Kimia-99,ResNet-18,2.5,29,12.000,0.77243
Kimia-99,ResNet-18,2.5,30,12.400,0.76919
Kimia-99,ResNet-18,2.5,31,12.800,0.76570
Kimia-99,ResNet-18,2.5,32,13.200,0.76373
Kimia-99,ResNet-18,3,6,2.333,0.78802
Kimia-99,ResNet-18,3,7,2.667,0.78310
Kimia-99,ResNet-18,3,8,3.000,0.79043
Kimia-99,ResNet-18,3,9,3.333,0.78727
Kimia-99,ResNet-18,3,10,3.667,0.79263
Kimia-99,ResNet-18,3,11,4.000,0.79640
Kimia-99,ResNet-18,3,12,4.333,0.78982
Kimia-99,ResNet-18,3,13,4.667,0.79477
Kimia-99,ResNet-18,3,14,5.000,0.78416
Kimia-99,ResNet-18,3,15,5.333,0.79670
Kimia-99,ResNet-18,3,16,5.667,0.79020
Kimia-99,ResNet-18,3,17,6.000,0.79757
Kimia-99,ResNet-18,3,18,6.333,0.80060
Kimia-99,ResNet-18,3,19,6.667,0.80090
Kimia-99,ResNet-18,3,20,7.000,0.79542
Kimia-99,ResNet-18,3,21,7.333,0.79594
Kimia-99,ResNet-18,3,22,7.667,0.79527
Kimia-99,ResNet-18,3,23,8.000,0.79283
Kimia-99,ResNet-18,3,24,8.333,0.78583
Kimia-99,ResNet-18,3,25,8.667,0.78656
Kimia-99,ResNet-18,3,26,9.000,0.78333
Kimia-99,ResNet-18,3,27,9.333,0.78289
Kimia-99,ResNet-18,3,28,9.667,0.78084
Kimia-99,ResNet-18,3,29,10.000,0.78114
Kimia-99,ResNet-18,3,30,10.333,0.78217
Kimia-99,ResNet-18,3,31,10.667,0.77842
Kimia-99,ResNet-18,3,32,11.000,0.77828
Kimia-99,ResNet-18,3.5,6,2.000,0.77976
Kimia-99,ResNet-18,3.5,7,2.286,0.78060
Kimia-99,ResNet-18,3.5,8,2.571,0.78905
Kimia-99,ResNet-18,3.5,9,2.857,0.78587
Kimia-99,ResNet-18,3.5,10,3.143,0.79029
Kimia-99,ResNet-18,3.5,11,3.429,0.78986
Kimia-99,ResNet-18,3.5,12,3.714,0.79284
Kimia-99,ResNet-18,3.5,13,4.000,0.79692
Kimia-99,ResNet-18,3.5,14,4.286,0.79504
Kimia-99,ResNet-18,3.5,15,4.571,0.79183
Kimia-99,ResNet-18,3.5,16,4.857,0.78769
Kimia-99,ResNet-18,3.5,17,5.143,0.79368
Kimia-99,ResNet-18,3.5,18,5.429,0.79254
Kimia-99,ResNet-18,3.5,19,5.714,0.79768
Kimia-99,ResNet-18,3.5,20,6.000,0.79964
Kimia-99,ResNet-18,3.5,21,6.286,0.80022
Kimia-99,ResNet-18,3.5,22,6.571,0.80154
Kimia-99,ResNet-18,3.5,23,6.857,0.79848
Kimia-99,ResNet-18,3.5,24,7.143,0.79567
Kimia-99,ResNet-18,3.5,25,7.429,0.79765
Kimia-99,ResNet-18,3.5,26,7.714,0.79508
Kimia-99,ResNet-18,3.5,27,8.000,0.79615
Kimia-99,ResNet-18,3.5,28,8.286,0.78814
Kimia-99,ResNet-18,3.5,29,8.571,0.78809
Kimia-99,ResNet-18,3.5,30,8.857,0.78506
Kimia-99,ResNet-18,3.5,31,9.143,0.78367
Kimia-99,ResNet-18,3.5,32,9.429,0.78298
Kimia-99,ResNet-18,4,6,1.750,0.76014
Kimia-99,ResNet-18,4,7,2.000,0.76301
Kimia-99,ResNet-18,4,8,2.250,0.78812
Kimia-99,ResNet-18,4,9,2.500,0.78872
Kimia-99,ResNet-18,4,10,2.750,0.78998
Kimia-99,ResNet-18,4,11,3.000,0.78666
Kimia-99,ResNet-18,4,12,3.250,0.79238
Kimia-99,ResNet-18,4,13,3.500,0.79244
Kimia-99,ResNet-18,4,14,3.750,0.79299
Kimia-99,ResNet-18,4,15,4.000,0.79485
Kimia-99,ResNet-18,4,16,4.250,0.79743
Kimia-99,ResNet-18,4,17,4.500,0.79571
Kimia-99,ResNet-18,4,18,4.750,0.79087
Kimia-99,ResNet-18,4,19,5.000,0.79616
Kimia-99,ResNet-18,4,20,5.250,0.79075
Kimia-99,ResNet-18,4,21,5.500,0.79737
Kimia-99,ResNet-18,4,22,5.750,0.79275
Kimia-99,ResNet-18,4,23,6.000,0.79940
Kimia-99,ResNet-18,4,24,6.250,0.80197
Kimia-99,ResNet-18,4,25,6.500,0.80322
Kimia-99,ResNet-18,4,26,6.750,0.80279
Kimia-99,ResNet-18,4,27,7.000,0.79706
Kimia-99,ResNet-18,4,28,7.250,0.79749
Kimia-99,ResNet-18,4,29,7.500,0.79711
Kimia-99,ResNet-18,4,30,7.750,0.79658
Kimia-99,ResNet-18,4,31,8.000,0.79682
Kimia-99,ResNet-18,4,32,8.250,0.79275
Kimia-99,ResNet-18,5,6,1.400,0.72388
Kimia-99,ResNet-18,5,7,1.600,0.72790
Kimia-99,ResNet-18,5,8,1.800,0.76206
Kimia-99,ResNet-18,5,9,2.000,0.76335
Kimia-99,ResNet-18,5,10,2.200,0.78634
Kimia-99,ResNet-18,5,11,2.400,0.78573
Kimia-99,ResNet-18,5,12,2.600,0.78865
Kimia-99,ResNet-18,5,13,2.800,0.78726
Kimia-99,ResNet-18,5,14,3.000,0.78889
Kimia-99,ResNet-18,5,15,3.200,0.78807
Kimia-99,ResNet-18,5,16,3.400,0.79145
Kimia-99,ResNet-18,5,17,3.600,0.79156
Kimia-99,ResNet-18,5,18,3.800,0.79229
Kimia-99,ResNet-18,5,19,4.000,0.79322
Kimia-99,ResNet-18,5,20,4.200,0.79710
Kimia-99,ResNet-18,5,21,4.400,0.79683
Kimia-99,ResNet-18,5,22,4.600,0.79304
Kimia-99,ResNet-18,5,23,4.800,0.79521
Kimia-99,ResNet-18,5,24,5.000,0.79010
Kimia-99,ResNet-18,5,25,5.200,0.79630
Kimia-99,ResNet-18,5,26,5.400,0.79412
Kimia-99,ResNet-18,5,27,5.600,0.79799
Kimia-99,ResNet-18,5,28,5.800,0.79310
Kimia-99,ResNet-18,5,29,6.000,0.79860
Kimia-99,ResNet-18,5,30,6.200,0.80158
Kimia-99,ResNet-18,5,31,6.400,0.80375
Kimia-99,ResNet-18,5,32,6.600,0.80316
Kimia-99,ResNet-18,6,6,1.167,0.70579
Kimia-99,ResNet-18,6,7,1.333,0.70952
Kimia-99,ResNet-18,6,8,1.500,0.73096
Kimia-99,ResNet-18,6,9,1.667,0.73274
Kimia-99,ResNet-18,6,10,1.833,0.76265
Kimia-99,ResNet-18,6,11,2.000,0.76343
Kimia-99,ResNet-18,6,12,2.167,0.78445
Kimia-99,ResNet-18,6,13,2.333,0.78396
Kimia-99,ResNet-18,6,14,2.500,0.79222
Kimia-99,ResNet-18,6,15,2.667,0.79052
Kimia-99,ResNet-18,6,16,2.833,0.79278
Kimia-99,ResNet-18,6,17,3.000,0.78890
Kimia-99,ResNet-18,6,18,3.167,0.79212
Kimia-99,ResNet-18,6,19,3.333,0.78905
Kimia-99,ResNet-18,6,20,3.500,0.79092
Kimia-99,ResNet-18,6,21,3.667,0.79358
Kimia-99,ResNet-18,6,22,3.833,0.79317
Kimia-99,ResNet-18,6,23,4.000,0.79321
Kimia-99,ResNet-18,6,24,4.167,0.79694
Kimia-99,ResNet-18,6,25,4.333,0.79750
Kimia-99,ResNet-18,6,26,4.500,0.79336
Kimia-99,ResNet-18,6,27,4.667,0.79164
Kimia-99,ResNet-18,6,28,4.833,0.79213
Kimia-99,ResNet-18,6,29,5.000,0.79472
Kimia-99,ResNet-18,6,30,5.167,0.79130
Kimia-99,ResNet-18,6,31,5.333,0.79617
Kimia-99,ResNet-18,6,32,5.500,0.79403
Kimia-99,ResNet-18,8,6,0.875,0.69327
Kimia-99,ResNet-18,8,7,1.000,0.69397
Kimia-99,ResNet-18,8,8,1.125,0.70292
Kimia-99,ResNet-18,8,9,1.250,0.70461
Kimia-99,ResNet-18,8,10,1.375,0.71867
Kimia-99,ResNet-18,8,11,1.500,0.72130
Kimia-99,ResNet-18,8,12,1.625,0.73838
Kimia-99,ResNet-18,8,13,1.750,0.74213
Kimia-99,ResNet-18,8,14,1.875,0.76376
Kimia-99,ResNet-18,8,15,2.000,0.76361
Kimia-99,ResNet-18,8,16,2.125,0.78137
Kimia-99,ResNet-18,8,17,2.250,0.78222
Kimia-99,ResNet-18,8,18,2.375,0.78861
Kimia-99,ResNet-18,8,19,2.500,0.78910
Kimia-99,ResNet-18,8,20,2.625,0.78901
Kimia-99,ResNet-18,8,21,2.750,0.78892
Kimia-99,ResNet-18,8,22,2.875,0.79243
Kimia-99,ResNet-18,8,23,3.000,0.78839
Kimia-99,ResNet-18,8,24,3.125,0.78930
Kimia-99,ResNet-18,8,25,3.250,0.78794
Kimia-99,ResNet-18,8,26,3.375,0.79123
Kimia-99,ResNet-18,8,27,3.500,0.79276
Kimia-99,ResNet-18,8,28,3.625,0.79094
Kimia-99,ResNet-18,8,29,3.750,0.79326
Kimia-99,ResNet-18,8,30,3.875,0.79302
Kimia-99,ResNet-18,8,31,4.000,0.79342
Kimia-99,ResNet-18,8,32,4.125,0.79366
MPEG-7,DINOv2,2,6,3.500,0.87309
MPEG-7,DINOv2,2,7,4.000,0.88245
MPEG-7,DINOv2,2,8,4.500,0.88864
MPEG-7,DINOv2,2,9,5.000,0.89175
MPEG-7,DINOv2,2,10,5.500,0.89380
MPEG-7,DINOv2,2,11,6.000,0.89521
MPEG-7,DINOv2,2,12,6.500,0.89794
MPEG-7,DINOv2,2,13,7.000,0.89723
MPEG-7,DINOv2,2,14,7.500,0.89699
MPEG-7,DINOv2,2,15,8.000,0.89654
MPEG-7,DINOv2,2,16,8.500,0.89608
MPEG-7,DINOv2,2,17,9.000,0.89611
MPEG-7,DINOv2,2,18,9.500,0.89572
MPEG-7,DINOv2,2,19,10.000,0.89535
MPEG-7,DINOv2,2,20,10.500,0.89452
MPEG-7,DINOv2,2,21,11.000,0.89433
MPEG-7,DINOv2,2,22,11.500,0.89371
MPEG-7,DINOv2,2,23,12.000,0.89332
MPEG-7,DINOv2,2,24,12.500,0.89245
MPEG-7,DINOv2,2,25,13.000,0.89221
MPEG-7,DINOv2,2,26,13.500,0.89148
MPEG-7,DINOv2,2,27,14.000,0.89125
MPEG-7,DINOv2,2,28,14.500,0.89087
MPEG-7,DINOv2,2,29,15.000,0.89067
MPEG-7,DINOv2,2,30,15.500,0.89049
MPEG-7,DINOv2,2,31,16.000,0.89049
MPEG-7,DINOv2,2,32,16.500,0.89025
MPEG-7,DINOv2,2.5,6,2.800,0.86276
MPEG-7,DINOv2,2.5,7,3.200,0.87001
MPEG-7,DINOv2,2.5,8,3.600,0.87394
MPEG-7,DINOv2,2.5,9,4.000,0.88113
MPEG-7,DINOv2,2.5,10,4.400,0.88610
MPEG-7,DINOv2,2.5,11,4.800,0.89030
MPEG-7,DINOv2,2.5,12,5.200,0.89333
MPEG-7,DINOv2,2.5,13,5.600,0.89497
MPEG-7,DINOv2,2.5,14,6.000,0.89685
MPEG-7,DINOv2,2.5,15,6.400,0.89762
MPEG-7,DINOv2,2.5,16,6.800,0.89936
MPEG-7,DINOv2,2.5,17,7.200,0.89952
MPEG-7,DINOv2,2.5,18,7.600,0.89977
MPEG-7,DINOv2,2.5,19,8.000,0.89956
MPEG-7,DINOv2,2.5,20,8.400,0.89885
MPEG-7,DINOv2,2.5,21,8.800,0.89889
MPEG-7,DINOv2,2.5,22,9.200,0.89797
MPEG-7,DINOv2,2.5,23,9.600,0.89738
MPEG-7,DINOv2,2.5,24,10.000,0.89682
MPEG-7,DINOv2,2.5,25,10.400,0.89643
MPEG-7,DINOv2,2.5,26,10.800,0.89612
MPEG-7,DINOv2,2.5,27,11.200,0.89600
MPEG-7,DINOv2,2.5,28,11.600,0.89510
MPEG-7,DINOv2,2.5,29,12.000,0.89493
MPEG-7,DINOv2,2.5,30,12.400,0.89427
MPEG-7,DINOv2,2.5,31,12.800,0.89368
MPEG-7,DINOv2,2.5,32,13.200,0.89308
MPEG-7,DINOv2,3,6,2.333,0.85156
MPEG-7,DINOv2,3,7,2.667,0.85973
MPEG-7,DINOv2,3,8,3.000,0.86548
MPEG-7,DINOv2,3,9,3.333,0.87106
MPEG-7,DINOv2,3,10,3.667,0.87394
MPEG-7,DINOv2,3,11,4.000,0.87958
MPEG-7,DINOv2,3,12,4.333,0.88331
MPEG-7,DINOv2,3,13,4.667,0.88730
MPEG-7,DINOv2,3,14,5.000,0.89082
MPEG-7,DINOv2,3,15,5.333,0.89303
MPEG-7,DINOv2,3,16,5.667,0.89432
MPEG-7,DINOv2,3,17,6.000,0.89509
MPEG-7,DINOv2,3,18,6.333,0.89715
MPEG-7,DINOv2,3,19,6.667,0.89768
MPEG-7,DINOv2,3,20,7.000,0.89890
MPEG-7,DINOv2,3,21,7.333,0.89896
MPEG-7,DINOv2,3,22,7.667,0.89938
MPEG-7,DINOv2,3,23,8.000,0.89927
MPEG-7,DINOv2,3,24,8.333,0.89839
MPEG-7,DINOv2,3,25,8.667,0.89836
MPEG-7,DINOv2,3,26,9.000,0.89815
MPEG-7,DINOv2,3,27,9.333,0.89814
MPEG-7,DINOv2,3,28,9.667,0.89754
MPEG-7,DINOv2,3,29,10.000,0.89760
MPEG-7,DINOv2,3,30,10.333,0.89640
MPEG-7,DINOv2,3,31,10.667,0.89613
MPEG-7,DINOv2,3,32,11.000,0.89573
MPEG-7,DINOv2,3.5,6,2.000,0.84281
MPEG-7,DINOv2,3.5,7,2.286,0.85050
MPEG-7,DINOv2,3.5,8,2.571,0.85638
MPEG-7,DINOv2,3.5,9,2.857,0.86254
MPEG-7,DINOv2,3.5,10,3.143,0.86705
MPEG-7,DINOv2,3.5,11,3.429,0.87160
MPEG-7,DINOv2,3.5,12,3.714,0.87368
MPEG-7,DINOv2,3.5,13,4.000,0.87857
MPEG-7,DINOv2,3.5,14,4.286,0.88130
MPEG-7,DINOv2,3.5,15,4.571,0.88495
MPEG-7,DINOv2,3.5,16,4.857,0.88807
MPEG-7,DINOv2,3.5,17,5.143,0.89031
MPEG-7,DINOv2,3.5,18,5.429,0.89221
MPEG-7,DINOv2,3.5,19,5.714,0.89341
MPEG-7,DINOv2,3.5,20,6.000,0.89450
MPEG-7,DINOv2,3.5,21,6.286,0.89507
MPEG-7,DINOv2,3.5,22,6.571,0.89716
MPEG-7,DINOv2,3.5,23,6.857,0.89754
MPEG-7,DINOv2,3.5,24,7.143,0.89849
MPEG-7,DINOv2,3.5,25,7.429,0.89850
MPEG-7,DINOv2,3.5,26,7.714,0.89897
MPEG-7,DINOv2,3.5,27,8.000,0.89876
MPEG-7,DINOv2,3.5,28,8.286,0.89864
MPEG-7,DINOv2,3.5,29,8.571,0.89867
MPEG-7,DINOv2,3.5,30,8.857,0.89775
MPEG-7,DINOv2,3.5,31,9.143,0.89774
MPEG-7,DINOv2,3.5,32,9.429,0.89720
MPEG-7,DINOv2,4,6,1.750,0.83692
MPEG-7,DINOv2,4,7,2.000,0.84284
MPEG-7,DINOv2,4,8,2.250,0.84816
MPEG-7,DINOv2,4,9,2.500,0.85486
MPEG-7,DINOv2,4,10,2.750,0.85977
MPEG-7,DINOv2,4,11,3.000,0.86463
MPEG-7,DINOv2,4,12,3.250,0.86826
MPEG-7,DINOv2,4,13,3.500,0.87228
MPEG-7,DINOv2,4,14,3.750,0.87368
MPEG-7,DINOv2,4,15,4.000,0.87802
MPEG-7,DINOv2,4,16,4.250,0.88014
MPEG-7,DINOv2,4,17,4.500,0.88360
MPEG-7,DINOv2,4,18,4.750,0.88677
MPEG-7,DINOv2,4,19,5.000,0.88907
MPEG-7,DINOv2,4,20,5.250,0.89090
MPEG-7,DINOv2,4,21,5.500,0.89251
MPEG-7,DINOv2,4,22,5.750,0.89346
MPEG-7,DINOv2,4,23,6.000,0.89435
MPEG-7,DINOv2,4,24,6.250,0.89521
MPEG-7,DINOv2,4,25,6.500,0.89578
MPEG-7,DINOv2,4,26,6.750,0.89758
MPEG-7,DINOv2,4,27,7.000,0.89778
MPEG-7,DINOv2,4,28,7.250,0.89858
MPEG-7,DINOv2,4,29,7.500,0.89862
MPEG-7,DINOv2,4,30,7.750,0.89892
MPEG-7,DINOv2,4,31,8.000,0.89880
MPEG-7,DINOv2,4,32,8.250,0.89867
MPEG-7,DINOv2,5,6,1.400,0.83038
MPEG-7,DINOv2,5,7,1.600,0.83263
MPEG-7,DINOv2,5,8,1.800,0.83731
MPEG-7,DINOv2,5,9,2.000,0.84184
MPEG-7,DINOv2,5,10,2.200,0.84613
MPEG-7,DINOv2,5,11,2.400,0.85158
MPEG-7,DINOv2,5,12,2.600,0.85562
MPEG-7,DINOv2,5,13,2.800,0.86024
MPEG-7,DINOv2,5,14,3.000,0.86426
MPEG-7,DINOv2,5,15,3.200,0.86771
MPEG-7,DINOv2,5,16,3.400,0.86964
MPEG-7,DINOv2,5,17,3.600,0.87276
MPEG-7,DINOv2,5,18,3.800,0.87389
MPEG-7,DINOv2,5,19,4.000,0.87753
MPEG-7,DINOv2,5,20,4.200,0.87883
MPEG-7,DINOv2,5,21,4.400,0.88165
MPEG-7,DINOv2,5,22,4.600,0.88400
MPEG-7,DINOv2,5,23,4.800,0.88610
MPEG-7,DINOv2,5,24,5.000,0.88837
MPEG-7,DINOv2,5,25,5.200,0.88990
MPEG-7,DINOv2,5,26,5.400,0.89132
MPEG-7,DINOv2,5,27,5.600,0.89251
MPEG-7,DINOv2,5,28,5.800,0.89327
MPEG-7,DINOv2,5,29,6.000,0.89386
MPEG-7,DINOv2,5,30,6.200,0.89461
MPEG-7,DINOv2,5,31,6.400,0.89504
MPEG-7,DINOv2,5,32,6.600,0.89634
MPEG-7,DINOv2,6,6,1.167,0.82783
MPEG-7,DINOv2,6,7,1.333,0.82861
MPEG-7,DINOv2,6,8,1.500,0.83145
MPEG-7,DINOv2,6,9,1.667,0.83359
MPEG-7,DINOv2,6,10,1.833,0.83751
MPEG-7,DINOv2,6,11,2.000,0.84137
MPEG-7,DINOv2,6,12,2.167,0.84494
MPEG-7,DINOv2,6,13,2.333,0.84927
MPEG-7,DINOv2,6,14,2.500,0.85297
MPEG-7,DINOv2,6,15,2.667,0.85701
MPEG-7,DINOv2,6,16,2.833,0.86021
MPEG-7,DINOv2,6,17,3.000,0.86352
MPEG-7,DINOv2,6,18,3.167,0.86604
MPEG-7,DINOv2,6,19,3.333,0.86899
MPEG-7,DINOv2,6,20,3.500,0.87049
MPEG-7,DINOv2,6,21,3.667,0.87303
MPEG-7,DINOv2,6,22,3.833,0.87390
MPEG-7,DINOv2,6,23,4.000,0.87692
MPEG-7,DINOv2,6,24,4.167,0.87803
MPEG-7,DINOv2,6,25,4.333,0.88040
MPEG-7,DINOv2,6,26,4.500,0.88224
MPEG-7,DINOv2,6,27,4.667,0.88429
MPEG-7,DINOv2,6,28,4.833,0.88642
MPEG-7,DINOv2,6,29,5.000,0.88773
MPEG-7,DINOv2,6,30,5.167,0.88942
MPEG-7,DINOv2,6,31,5.333,0.89064
MPEG-7,DINOv2,6,32,5.500,0.89164
MPEG-7,DINOv2,8,6,0.875,0.82610
MPEG-7,DINOv2,8,7,1.000,0.82628
MPEG-7,DINOv2,8,8,1.125,0.82733
MPEG-7,DINOv2,8,9,1.250,0.82779
MPEG-7,DINOv2,8,10,1.375,0.82951
MPEG-7,DINOv2,8,11,1.500,0.83054
MPEG-7,DINOv2,8,12,1.625,0.83298
MPEG-7,DINOv2,8,13,1.750,0.83489
MPEG-7,DINOv2,8,14,1.875,0.83786
MPEG-7,DINOv2,8,15,2.000,0.84062
MPEG-7,DINOv2,8,16,2.125,0.84349
MPEG-7,DINOv2,8,17,2.250,0.84677
MPEG-7,DINOv2,8,18,2.375,0.84937
MPEG-7,DINOv2,8,19,2.500,0.85276
MPEG-7,DINOv2,8,20,2.625,0.85524
MPEG-7,DINOv2,8,21,2.750,0.85822
MPEG-7,DINOv2,8,22,2.875,0.86069
MPEG-7,DINOv2,8,23,3.000,0.86314
MPEG-7,DINOv2,8,24,3.125,0.86529
MPEG-7,DINOv2,8,25,3.250,0.86750
MPEG-7,DINOv2,8,26,3.375,0.86862
MPEG-7,DINOv2,8,27,3.500,0.87076
MPEG-7,DINOv2,8,28,3.625,0.87165
MPEG-7,DINOv2,8,29,3.750,0.87356
MPEG-7,DINOv2,8,30,3.875,0.87424
MPEG-7,DINOv2,8,31,4.000,0.87644
MPEG-7,DINOv2,8,32,4.125,0.87723
MPEG-7,EfficientNet-B0,2,6,3.500,0.75502
MPEG-7,EfficientNet-B0,2,7,4.000,0.77027
MPEG-7,EfficientNet-B0,2,8,4.500,0.78193
MPEG-7,EfficientNet-B0,2,9,5.000,0.79045
MPEG-7,EfficientNet-B0,2,10,5.500,0.79602
MPEG-7,EfficientNet-B0,2,11,6.000,0.79899
MPEG-7,EfficientNet-B0,2,12,6.500,0.80389
MPEG-7,EfficientNet-B0,2,13,7.000,0.80450
MPEG-7,EfficientNet-B0,2,14,7.500,0.80626
MPEG-7,EfficientNet-B0,2,15,8.000,0.80627
MPEG-7,EfficientNet-B0,2,16,8.500,0.80563
MPEG-7,EfficientNet-B0,2,17,9.000,0.80584
MPEG-7,EfficientNet-B0,2,18,9.500,0.80550
MPEG-7,EfficientNet-B0,2,19,10.000,0.80504
MPEG-7,EfficientNet-B0,2,20,10.500,0.80436
MPEG-7,EfficientNet-B0,2,21,11.000,0.80389
MPEG-7,EfficientNet-B0,2,22,11.500,0.80266
MPEG-7,EfficientNet-B0,2,23,12.000,0.80192
MPEG-7,EfficientNet-B0,2,24,12.500,0.80057
MPEG-7,EfficientNet-B0,2,25,13.000,0.80012
MPEG-7,EfficientNet-B0,2,26,13.500,0.79944
MPEG-7,EfficientNet-B0,2,27,14.000,0.79896
MPEG-7,EfficientNet-B0,2,28,14.500,0.79823
MPEG-7,EfficientNet-B0,2,29,15.000,0.79776
MPEG-7,EfficientNet-B0,2,30,15.500,0.79729
MPEG-7,EfficientNet-B0,2,31,16.000,0.79703
MPEG-7,EfficientNet-B0,2,32,16.500,0.79667
MPEG-7,EfficientNet-B0,2.5,6,2.800,0.72416
MPEG-7,EfficientNet-B0,2.5,7,3.200,0.73623
MPEG-7,EfficientNet-B0,2.5,8,3.600,0.75179
MPEG-7,EfficientNet-B0,2.5,9,4.000,0.76326
MPEG-7,EfficientNet-B0,2.5,10,4.400,0.77235
MPEG-7,EfficientNet-B0,2.5,11,4.800,0.78123
MPEG-7,EfficientNet-B0,2.5,12,5.200,0.78839
MPEG-7,EfficientNet-B0,2.5,13,5.600,0.79255
MPEG-7,EfficientNet-B0,2.5,14,6.000,0.79727
MPEG-7,EfficientNet-B0,2.5,15,6.400,0.79954
MPEG-7,EfficientNet-B0,2.5,16,6.800,0.80314
MPEG-7,EfficientNet-B0,2.5,17,7.200,0.80419
MPEG-7,EfficientNet-B0,2.5,18,7.600,0.80557
MPEG-7,EfficientNet-B0,2.5,19,8.000,0.80560
MPEG-7,EfficientNet-B0,2.5,20,8.400,0.80649
MPEG-7,EfficientNet-B0,2.5,21,8.800,0.80711
MPEG-7,EfficientNet-B0,2.5,22,9.200,0.80641
MPEG-7,EfficientNet-B0,2.5,23,9.600,0.80662
MPEG-7,EfficientNet-B0,2.5,24,10.000,0.80639
MPEG-7,EfficientNet-B0,2.5,25,10.400,0.80593
MPEG-7,EfficientNet-B0,2.5,26,10.800,0.80543
MPEG-7,EfficientNet-B0,2.5,27,11.200,0.80504
MPEG-7,EfficientNet-B0,2.5,28,11.600,0.80419
MPEG-7,EfficientNet-B0,2.5,29,12.000,0.80397
MPEG-7,EfficientNet-B0,2.5,30,12.400,0.80290
MPEG-7,EfficientNet-B0,2.5,31,12.800,0.80220
MPEG-7,EfficientNet-B0,2.5,32,13.200,0.80148
MPEG-7,EfficientNet-B0,3,6,2.333,0.70337
MPEG-7,EfficientNet-B0,3,7,2.667,0.71766
MPEG-7,EfficientNet-B0,3,8,3.000,0.73141
MPEG-7,EfficientNet-B0,3,9,3.333,0.74007
MPEG-7,EfficientNet-B0,3,10,3.667,0.75112
MPEG-7,EfficientNet-B0,3,11,4.000,0.76035
MPEG-7,EfficientNet-B0,3,12,4.333,0.76764
MPEG-7,EfficientNet-B0,3,13,4.667,0.77602
MPEG-7,EfficientNet-B0,3,14,5.000,0.78282
MPEG-7,EfficientNet-B0,3,15,5.333,0.78772
MPEG-7,EfficientNet-B0,3,16,5.667,0.79210
MPEG-7,EfficientNet-B0,3,17,6.000,0.79408
MPEG-7,EfficientNet-B0,3,18,6.333,0.79828
MPEG-7,EfficientNet-B0,3,19,6.667,0.80010
MPEG-7,EfficientNet-B0,3,20,7.000,0.80295
MPEG-7,EfficientNet-B0,3,21,7.333,0.80349
MPEG-7,EfficientNet-B0,3,22,7.667,0.80507
MPEG-7,EfficientNet-B0,3,23,8.000,0.80519
MPEG-7,EfficientNet-B0,3,24,8.333,0.80583
MPEG-7,EfficientNet-B0,3,25,8.667,0.80603
MPEG-7,EfficientNet-B0,3,26,9.000,0.80607
MPEG-7,EfficientNet-B0,3,27,9.333,0.80646
MPEG-7,EfficientNet-B0,3,28,9.667,0.80611
MPEG-7,EfficientNet-B0,3,29,10.000,0.80616
MPEG-7,EfficientNet-B0,3,30,10.333,0.80580
MPEG-7,EfficientNet-B0,3,31,10.667,0.80549
MPEG-7,EfficientNet-B0,3,32,11.000,0.80493
MPEG-7,EfficientNet-B0,3.5,6,2.000,0.68771
MPEG-7,EfficientNet-B0,3.5,7,2.286,0.69958
MPEG-7,EfficientNet-B0,3.5,8,2.571,0.71076
MPEG-7,EfficientNet-B0,3.5,9,2.857,0.72188
MPEG-7,EfficientNet-B0,3.5,10,3.143,0.73429
MPEG-7,EfficientNet-B0,3.5,11,3.429,0.74132
MPEG-7,EfficientNet-B0,3.5,12,3.714,0.75019
MPEG-7,EfficientNet-B0,3.5,13,4.000,0.75788
MPEG-7,EfficientNet-B0,3.5,14,4.286,0.76419
MPEG-7,EfficientNet-B0,3.5,15,4.571,0.77172
MPEG-7,EfficientNet-B0,3.5,16,4.857,0.77772
MPEG-7,EfficientNet-B0,3.5,17,5.143,0.78309
MPEG-7,EfficientNet-B0,3.5,18,5.429,0.78730
MPEG-7,EfficientNet-B0,3.5,19,5.714,0.79024
MPEG-7,EfficientNet-B0,3.5,20,6.000,0.79384
MPEG-7,EfficientNet-B0,3.5,21,6.286,0.79546
MPEG-7,EfficientNet-B0,3.5,22,6.571,0.79875
MPEG-7,EfficientNet-B0,3.5,23,6.857,0.79993
MPEG-7,EfficientNet-B0,3.5,24,7.143,0.80242
MPEG-7,EfficientNet-B0,3.5,25,7.429,0.80284
MPEG-7,EfficientNet-B0,3.5,26,7.714,0.80414
MPEG-7,EfficientNet-B0,3.5,27,8.000,0.80440
MPEG-7,EfficientNet-B0,3.5,28,8.286,0.80512
MPEG-7,EfficientNet-B0,3.5,29,8.571,0.80521
MPEG-7,EfficientNet-B0,3.5,30,8.857,0.80537
MPEG-7,EfficientNet-B0,3.5,31,9.143,0.80574
MPEG-7,EfficientNet-B0,3.5,32,9.429,0.80539
MPEG-7,EfficientNet-B0,4,6,1.750,0.67886
MPEG-7,EfficientNet-B0,4,7,2.000,0.68694
MPEG-7,EfficientNet-B0,4,8,2.250,0.69625
MPEG-7,EfficientNet-B0,4,9,2.500,0.70725
MPEG-7,EfficientNet-B0,4,10,2.750,0.71646
MPEG-7,EfficientNet-B0,4,11,3.000,0.72533
MPEG-7,EfficientNet-B0,4,12,3.250,0.73626
MPEG-7,EfficientNet-B0,4,13,3.500,0.74244
MPEG-7,EfficientNet-B0,4,14,3.750,0.74969
MPEG-7,EfficientNet-B0,4,15,4.000,0.75630
MPEG-7,EfficientNet-B0,4,16,4.250,0.76185
MPEG-7,EfficientNet-B0,4,17,4.500,0.76854
MPEG-7,EfficientNet-B0,4,18,4.750,0.77421
MPEG-7,EfficientNet-B0,4,19,5.000,0.77934
MPEG-7,EfficientNet-B0,4,20,5.250,0.78348
MPEG-7,EfficientNet-B0,4,21,5.500,0.78689
MPEG-7,EfficientNet-B0,4,22,5.750,0.79002
MPEG-7,EfficientNet-B0,4,23,6.000,0.79212
MPEG-7,EfficientNet-B0,4,24,6.250,0.79525
MPEG-7,EfficientNet-B0,4,25,6.500,0.79652
MPEG-7,EfficientNet-B0,4,26,6.750,0.79922
MPEG-7,EfficientNet-B0,4,27,7.000,0.80027
MPEG-7,EfficientNet-B0,4,28,7.250,0.80225
MPEG-7,EfficientNet-B0,4,29,7.500,0.80259
MPEG-7,EfficientNet-B0,4,30,7.750,0.80374
MPEG-7,EfficientNet-B0,4,31,8.000,0.80395
MPEG-7,EfficientNet-B0,4,32,8.250,0.80450
MPEG-7,EfficientNet-B0,5,6,1.400,0.67103
MPEG-7,EfficientNet-B0,5,7,1.600,0.67393
MPEG-7,EfficientNet-B0,5,8,1.800,0.67940
MPEG-7,EfficientNet-B0,5,9,2.000,0.68564
MPEG-7,EfficientNet-B0,5,10,2.200,0.69265
MPEG-7,EfficientNet-B0,5,11,2.400,0.70154
MPEG-7,EfficientNet-B0,5,12,2.600,0.70921
MPEG-7,EfficientNet-B0,5,13,2.800,0.71716
MPEG-7,EfficientNet-B0,5,14,3.000,0.72566
MPEG-7,EfficientNet-B0,5,15,3.200,0.73194
MPEG-7,EfficientNet-B0,5,16,3.400,0.73942
MPEG-7,EfficientNet-B0,5,17,3.600,0.74419
MPEG-7,EfficientNet-B0,5,18,3.800,0.74964
MPEG-7,EfficientNet-B0,5,19,4.000,0.75487
MPEG-7,EfficientNet-B0,5,20,4.200,0.75932
MPEG-7,EfficientNet-B0,5,21,4.400,0.76481
MPEG-7,EfficientNet-B0,5,22,4.600,0.76891
MPEG-7,EfficientNet-B0,5,23,4.800,0.77371
MPEG-7,EfficientNet-B0,5,24,5.000,0.77802
MPEG-7,EfficientNet-B0,5,25,5.200,0.78165
MPEG-7,EfficientNet-B0,5,26,5.400,0.78456
MPEG-7,EfficientNet-B0,5,27,5.600,0.78706
MPEG-7,EfficientNet-B0,5,28,5.800,0.78967
MPEG-7,EfficientNet-B0,5,29,6.000,0.79128
MPEG-7,EfficientNet-B0,5,30,6.200,0.79399
MPEG-7,EfficientNet-B0,5,31,6.400,0.79506
MPEG-7,EfficientNet-B0,5,32,6.600,0.79731
MPEG-7,EfficientNet-B0,6,6,1.167,0.66778
MPEG-7,EfficientNet-B0,6,7,1.333,0.66885
MPEG-7,EfficientNet-B0,6,8,1.500,0.67236
MPEG-7,EfficientNet-B0,6,9,1.667,0.67522
MPEG-7,EfficientNet-B0,6,10,1.833,0.67976
MPEG-7,EfficientNet-B0,6,11,2.000,0.68492
MPEG-7,EfficientNet-B0,6,12,2.167,0.69065
MPEG-7,EfficientNet-B0,6,13,2.333,0.69737
MPEG-7,EfficientNet-B0,6,14,2.500,0.70472
MPEG-7,EfficientNet-B0,6,15,2.667,0.71165
MPEG-7,EfficientNet-B0,6,16,2.833,0.71755
MPEG-7,EfficientNet-B0,6,17,3.000,0.72362
MPEG-7,EfficientNet-B0,6,18,3.167,0.73091
MPEG-7,EfficientNet-B0,6,19,3.333,0.73566
MPEG-7,EfficientNet-B0,6,20,3.500,0.74126
MPEG-7,EfficientNet-B0,6,21,3.667,0.74527
MPEG-7,EfficientNet-B0,6,22,3.833,0.74947
MPEG-7,EfficientNet-B0,6,23,4.000,0.75389
MPEG-7,EfficientNet-B0,6,24,4.167,0.75745
MPEG-7,EfficientNet-B0,6,25,4.333,0.76210
MPEG-7,EfficientNet-B0,6,26,4.500,0.76549
MPEG-7,EfficientNet-B0,6,27,4.667,0.76970
MPEG-7,EfficientNet-B0,6,28,4.833,0.77347
MPEG-7,EfficientNet-B0,6,29,5.000,0.77705
MPEG-7,EfficientNet-B0,6,30,5.167,0.78019
MPEG-7,EfficientNet-B0,6,31,5.333,0.78284
MPEG-7,EfficientNet-B0,6,32,5.500,0.78509
MPEG-7,EfficientNet-B0,8,6,0.875,0.66578
MPEG-7,EfficientNet-B0,8,7,1.000,0.66602
MPEG-7,EfficientNet-B0,8,8,1.125,0.66714
MPEG-7,EfficientNet-B0,8,9,1.250,0.66773
MPEG-7,EfficientNet-B0,8,10,1.375,0.66986
MPEG-7,EfficientNet-B0,8,11,1.500,0.67130
MPEG-7,EfficientNet-B0,8,12,1.625,0.67431
MPEG-7,EfficientNet-B0,8,13,1.750,0.67671
MPEG-7,EfficientNet-B0,8,14,1.875,0.68020
MPEG-7,EfficientNet-B0,8,15,2.000,0.68405
MPEG-7,EfficientNet-B0,8,16,2.125,0.68839
MPEG-7,EfficientNet-B0,8,17,2.250,0.69295
MPEG-7,EfficientNet-B0,8,18,2.375,0.69814
MPEG-7,EfficientNet-B0,8,19,2.500,0.70346
MPEG-7,EfficientNet-B0,8,20,2.625,0.70834
MPEG-7,EfficientNet-B0,8,21,2.750,0.71338
MPEG-7,EfficientNet-B0,8,22,2.875,0.71789
MPEG-7,EfficientNet-B0,8,23,3.000,0.72238
MPEG-7,EfficientNet-B0,8,24,3.125,0.72788
MPEG-7,EfficientNet-B0,8,25,3.250,0.73172
MPEG-7,EfficientNet-B0,8,26,3.375,0.73648
MPEG-7,EfficientNet-B0,8,27,3.500,0.73960
MPEG-7,EfficientNet-B0,8,28,3.625,0.74370
MPEG-7,EfficientNet-B0,8,29,3.750,0.74655
MPEG-7,EfficientNet-B0,8,30,3.875,0.74963
MPEG-7,EfficientNet-B0,8,31,4.000,0.75296
MPEG-7,EfficientNet-B0,8,32,4.125,0.75557
MPEG-7,ResNet-18,2,6,3.500,0.75704
MPEG-7,ResNet-18,2,7,4.000,0.77682
MPEG-7,ResNet-18,2,8,4.500,0.78133
MPEG-7,ResNet-18,2,9,5.000,0.78686
MPEG-7,ResNet-18,2,10,5.500,0.78891
MPEG-7,ResNet-18,2,11,6.000,0.79165
MPEG-7,ResNet-18,2,12,6.500,0.79679
MPEG-7,ResNet-18,2,13,7.000,0.79838
MPEG-7,ResNet-18,2,14,7.500,0.80145
MPEG-7,ResNet-18,2,15,8.000,0.80162
MPEG-7,ResNet-18,2,16,8.500,0.80089
MPEG-7,ResNet-18,2,17,9.000,0.80143
MPEG-7,ResNet-18,2,18,9.500,0.80112
MPEG-7,ResNet-18,2,19,10.000,0.80099
MPEG-7,ResNet-18,2,20,10.500,0.80040
MPEG-7,ResNet-18,2,21,11.000,0.80019
MPEG-7,ResNet-18,2,22,11.500,0.79871
MPEG-7,ResNet-18,2,23,12.000,0.79790
MPEG-7,ResNet-18,2,24,12.500,0.79646
MPEG-7,ResNet-18,2,25,13.000,0.79594
MPEG-7,ResNet-18,2,26,13.500,0.79509
MPEG-7,ResNet-18,2,27,14.000,0.79488
MPEG-7,ResNet-18,2,28,14.500,0.79397
MPEG-7,ResNet-18,2,29,15.000,0.79363
MPEG-7,ResNet-18,2,30,15.500,0.79309
MPEG-7,ResNet-18,2,31,16.000,0.79284
MPEG-7,ResNet-18,2,32,16.500,0.79238
MPEG-7,ResNet-18,2.5,6,2.800,0.73121
MPEG-7,ResNet-18,2.5,7,3.200,0.74611
MPEG-7,ResNet-18,2.5,8,3.600,0.75589
MPEG-7,ResNet-18,2.5,9,4.000,0.77132
MPEG-7,ResNet-18,2.5,10,4.400,0.77585
MPEG-7,ResNet-18,2.5,11,4.800,0.78148
MPEG-7,ResNet-18,2.5,12,5.200,0.78305
MPEG-7,ResNet-18,2.5,13,5.600,0.78675
MPEG-7,ResNet-18,2.5,14,6.000,0.79075
MPEG-7,ResNet-18,2.5,15,6.400,0.79317
MPEG-7,ResNet-18,2.5,16,6.800,0.79662
MPEG-7,ResNet-18,2.5,17,7.200,0.79829
MPEG-7,ResNet-18,2.5,18,7.600,0.80082
MPEG-7,ResNet-18,2.5,19,8.000,0.80126
MPEG-7,ResNet-18,2.5,20,8.400,0.80201
MPEG-7,ResNet-18,2.5,21,8.800,0.80239
MPEG-7,ResNet-18,2.5,22,9.200,0.80199
MPEG-7,ResNet-18,2.5,23,9.600,0.80247
MPEG-7,ResNet-18,2.5,24,10.000,0.80196
MPEG-7,ResNet-18,2.5,25,10.400,0.80194
MPEG-7,ResNet-18,2.5,26,10.800,0.80149
MPEG-7,ResNet-18,2.5,27,11.200,0.80137
MPEG-7,ResNet-18,2.5,28,11.600,0.80043
MPEG-7,ResNet-18,2.5,29,12.000,0.79977
MPEG-7,ResNet-18,2.5,30,12.400,0.79874
MPEG-7,ResNet-18,2.5,31,12.800,0.79803
MPEG-7,ResNet-18,2.5,32,13.200,0.79721
MPEG-7,ResNet-18,3,6,2.333,0.71230
MPEG-7,ResNet-18,3,7,2.667,0.73400
MPEG-7,ResNet-18,3,8,3.000,0.73958
MPEG-7,ResNet-18,3,9,3.333,0.75118
MPEG-7,ResNet-18,3,10,3.667,0.75683
MPEG-7,ResNet-18,3,11,4.000,0.76875
MPEG-7,ResNet-18,3,12,4.333,0.77260
MPEG-7,ResNet-18,3,13,4.667,0.77958
MPEG-7,ResNet-18,3,14,5.000,0.78192
MPEG-7,ResNet-18,3,15,5.333,0.78411
MPEG-7,ResNet-18,3,16,5.667,0.78564
MPEG-7,ResNet-18,3,17,6.000,0.78782
MPEG-7,ResNet-18,3,18,6.333,0.79157
MPEG-7,ResNet-18,3,19,6.667,0.79266
MPEG-7,ResNet-18,3,20,7.000,0.79615
MPEG-7,ResNet-18,3,21,7.333,0.79696
MPEG-7,ResNet-18,3,22,7.667,0.79894
MPEG-7,ResNet-18,3,23,8.000,0.80044
MPEG-7,ResNet-18,3,24,8.333,0.80120
MPEG-7,ResNet-18,3,25,8.667,0.80143
MPEG-7,ResNet-18,3,26,9.000,0.80137
MPEG-7,ResNet-18,3,27,9.333,0.80188
MPEG-7,ResNet-18,3,28,9.667,0.80142
MPEG-7,ResNet-18,3,29,10.000,0.80173
MPEG-7,ResNet-18,3,30,10.333,0.80118
MPEG-7,ResNet-18,3,31,10.667,0.80125
MPEG-7,ResNet-18,3,32,11.000,0.80089
MPEG-7,ResNet-18,3.5,6,2.000,0.69292
MPEG-7,ResNet-18,3.5,7,2.286,0.71446
MPEG-7,ResNet-18,3.5,8,2.571,0.72261
MPEG-7,ResNet-18,3.5,9,2.857,0.73833
MPEG-7,ResNet-18,3.5,10,3.143,0.74446
MPEG-7,ResNet-18,3.5,11,3.429,0.75398
MPEG-7,ResNet-18,3.5,12,3.714,0.75720
MPEG-7,ResNet-18,3.5,13,4.000,0.76748
MPEG-7,ResNet-18,3.5,14,4.286,0.77051
MPEG-7,ResNet-18,3.5,15,4.571,0.77698
MPEG-7,ResNet-18,3.5,16,4.857,0.77981
MPEG-7,ResNet-18,3.5,17,5.143,0.78207
MPEG-7,ResNet-18,3.5,18,5.429,0.78238
MPEG-7,ResNet-18,3.5,19,5.714,0.78473
MPEG-7,ResNet-18,3.5,20,6.000,0.78733
MPEG-7,ResNet-18,3.5,21,6.286,0.78862
MPEG-7,ResNet-18,3.5,22,6.571,0.79178
MPEG-7,ResNet-18,3.5,23,6.857,0.79282
MPEG-7,ResNet-18,3.5,24,7.143,0.79578
MPEG-7,ResNet-18,3.5,25,7.429,0.79639
MPEG-7,ResNet-18,3.5,26,7.714,0.79824
MPEG-7,ResNet-18,3.5,27,8.000,0.79837
MPEG-7,ResNet-18,3.5,28,8.286,0.80028
MPEG-7,ResNet-18,3.5,29,8.571,0.80042
MPEG-7,ResNet-18,3.5,30,8.857,0.80071
MPEG-7,ResNet-18,3.5,31,9.143,0.80115
MPEG-7,ResNet-18,3.5,32,9.429,0.80083
MPEG-7,ResNet-18,4,6,1.750,0.68108
MPEG-7,ResNet-18,4,7,2.000,0.69755
MPEG-7,ResNet-18,4,8,2.250,0.70550
MPEG-7,ResNet-18,4,9,2.500,0.72401
MPEG-7,ResNet-18,4,10,2.750,0.72960
MPEG-7,ResNet-18,4,11,3.000,0.74134
MPEG-7,ResNet-18,4,12,3.250,0.74729
MPEG-7,ResNet-18,4,13,3.500,0.75540
MPEG-7,ResNet-18,4,14,3.750,0.75751
MPEG-7,ResNet-18,4,15,4.000,0.76641
MPEG-7,ResNet-18,4,16,4.250,0.76874
MPEG-7,ResNet-18,4,17,4.500,0.77487
MPEG-7,ResNet-18,4,18,4.750,0.77786
MPEG-7,ResNet-18,4,19,5.000,0.78184
MPEG-7,ResNet-18,4,20,5.250,0.78033
MPEG-7,ResNet-18,4,21,5.500,0.78318
MPEG-7,ResNet-18,4,22,5.750,0.78387
MPEG-7,ResNet-18,4,23,6.000,0.78578
MPEG-7,ResNet-18,4,24,6.250,0.78808
MPEG-7,ResNet-18,4,25,6.500,0.78958
MPEG-7,ResNet-18,4,26,6.750,0.79220
MPEG-7,ResNet-18,4,27,7.000,0.79290
MPEG-7,ResNet-18,4,28,7.250,0.79564
MPEG-7,ResNet-18,4,29,7.500,0.79623
MPEG-7,ResNet-18,4,30,7.750,0.79785
MPEG-7,ResNet-18,4,31,8.000,0.79795
MPEG-7,ResNet-18,4,32,8.250,0.79830
MPEG-7,ResNet-18,5,6,1.400,0.66711
MPEG-7,ResNet-18,5,7,1.600,0.67476
MPEG-7,ResNet-18,5,8,1.800,0.68227
MPEG-7,ResNet-18,5,9,2.000,0.69546
MPEG-7,ResNet-18,5,10,2.200,0.70156
MPEG-7,ResNet-18,5,11,2.400,0.71650
MPEG-7,ResNet-18,5,12,2.600,0.72240
MPEG-7,ResNet-18,5,13,2.800,0.73424
MPEG-7,ResNet-18,5,14,3.000,0.73775
MPEG-7,ResNet-18,5,15,3.200,0.74546
MPEG-7,ResNet-18,5,16,3.400,0.74954
MPEG-7,ResNet-18,5,17,3.600,0.75626
MPEG-7,ResNet-18,5,18,3.800,0.75778
MPEG-7,ResNet-18,5,19,4.000,0.76482
MPEG-7,ResNet-18,5,20,4.200,0.76647
MPEG-7,ResNet-18,5,21,4.400,0.77149
MPEG-7,ResNet-18,5,22,4.600,0.77378
MPEG-7,ResNet-18,5,23,4.800,0.77756
MPEG-7,ResNet-18,5,24,5.000,0.77672
MPEG-7,ResNet-18,5,25,5.200,0.77960
MPEG-7,ResNet-18,5,26,5.400,0.78015
MPEG-7,ResNet-18,5,27,5.600,0.78226
MPEG-7,ResNet-18,5,28,5.800,0.78335
MPEG-7,ResNet-18,5,29,6.000,0.78503
MPEG-7,ResNet-18,5,30,6.200,0.78661
MPEG-7,ResNet-18,5,31,6.400,0.78743
MPEG-7,ResNet-18,5,32,6.600,0.78988
MPEG-7,ResNet-18,6,6,1.167,0.66025
MPEG-7,ResNet-18,6,7,1.333,0.66326
MPEG-7,ResNet-18,6,8,1.500,0.66990
MPEG-7,ResNet-18,6,9,1.667,0.67713
MPEG-7,ResNet-18,6,10,1.833,0.68314
MPEG-7,ResNet-18,6,11,2.000,0.69409
MPEG-7,ResNet-18,6,12,2.167,0.69922
MPEG-7,ResNet-18,6,13,2.333,0.71144
MPEG-7,ResNet-18,6,14,2.500,0.71720
MPEG-7,ResNet-18,6,15,2.667,0.72851
MPEG-7,ResNet-18,6,16,2.833,0.73179
MPEG-7,ResNet-18,6,17,3.000,0.73987
MPEG-7,ResNet-18,6,18,3.167,0.74354
MPEG-7,ResNet-18,6,19,3.333,0.74923
MPEG-7,ResNet-18,6,20,3.500,0.75154
MPEG-7,ResNet-18,6,21,3.667,0.75728
MPEG-7,ResNet-18,6,22,3.833,0.75825
MPEG-7,ResNet-18,6,23,4.000,0.76430
MPEG-7,ResNet-18,6,24,4.167,0.76522
MPEG-7,ResNet-18,6,25,4.333,0.77009
MPEG-7,ResNet-18,6,26,4.500,0.77153
MPEG-7,ResNet-18,6,27,4.667,0.77511
MPEG-7,ResNet-18,6,28,4.833,0.77717
MPEG-7,ResNet-18,6,29,5.000,0.77991
MPEG-7,ResNet-18,6,30,5.167,0.77809
MPEG-7,ResNet-18,6,31,5.333,0.78028
MPEG-7,ResNet-18,6,32,5.500,0.78056
MPEG-7,ResNet-18,8,6,0.875,0.65507
MPEG-7,ResNet-18,8,7,1.000,0.65567
MPEG-7,ResNet-18,8,8,1.125,0.65879
MPEG-7,ResNet-18,8,9,1.250,0.66054
MPEG-7,ResNet-18,8,10,1.375,0.66513
MPEG-7,ResNet-18,8,11,1.500,0.66886
MPEG-7,ResNet-18,8,12,1.625,0.67386
MPEG-7,ResNet-18,8,13,1.750,0.67992
MPEG-7,ResNet-18,8,14,1.875,0.68437
MPEG-7,ResNet-18,8,15,2.000,0.69249
MPEG-7,ResNet-18,8,16,2.125,0.69645
MPEG-7,ResNet-18,8,17,2.250,0.70542
MPEG-7,ResNet-18,8,18,2.375,0.70949
MPEG-7,ResNet-18,8,19,2.500,0.71869
MPEG-7,ResNet-18,8,20,2.625,0.72225
MPEG-7,ResNet-18,8,21,2.750,0.73010
MPEG-7,ResNet-18,8,22,2.875,0.73263
MPEG-7,ResNet-18,8,23,3.000,0.73873
MPEG-7,ResNet-18,8,24,3.125,0.74125
MPEG-7,ResNet-18,8,25,3.250,0.74615
MPEG-7,ResNet-18,8,26,3.375,0.74874
MPEG-7,ResNet-18,8,27,3.500,0.75249
MPEG-7,ResNet-18,8,28,3.625,0.75363
MPEG-7,ResNet-18,8,29,3.750,0.75824
MPEG-7,ResNet-18,8,30,3.875,0.75882
MPEG-7,ResNet-18,8,31,4.000,0.76339
MPEG-7,ResNet-18,8,32,4.125,0.76390
MPEG-7,ResNet-50,2,6,3.500,0.65986
MPEG-7,ResNet-50,2,7,4.000,0.68673
MPEG-7,ResNet-50,2,8,4.500,0.70263
MPEG-7,ResNet-50,2,9,5.000,0.71609
MPEG-7,ResNet-50,2,10,5.500,0.72239
MPEG-7,ResNet-50,2,11,6.000,0.72749
MPEG-7,ResNet-50,2,12,6.500,0.73218
MPEG-7,ResNet-50,2,13,7.000,0.73375
MPEG-7,ResNet-50,2,14,7.500,0.73562
MPEG-7,ResNet-50,2,15,8.000,0.73607
MPEG-7,ResNet-50,2,16,8.500,0.73388
MPEG-7,ResNet-50,2,17,9.000,0.73465
MPEG-7,ResNet-50,2,18,9.500,0.73346
MPEG-7,ResNet-50,2,19,10.000,0.73335
MPEG-7,ResNet-50,2,20,10.500,0.73225
MPEG-7,ResNet-50,2,21,11.000,0.73235
MPEG-7,ResNet-50,2,22,11.500,0.73132
MPEG-7,ResNet-50,2,23,12.000,0.73058
MPEG-7,ResNet-50,2,24,12.500,0.72897
MPEG-7,ResNet-50,2,25,13.000,0.72840
MPEG-7,ResNet-50,2,26,13.500,0.72774
MPEG-7,ResNet-50,2,27,14.000,0.72741
MPEG-7,ResNet-50,2,28,14.500,0.72640
MPEG-7,ResNet-50,2,29,15.000,0.72631
MPEG-7,ResNet-50,2,30,15.500,0.72578
MPEG-7,ResNet-50,2,31,16.000,0.72590
MPEG-7,ResNet-50,2,32,16.500,0.72576
MPEG-7,ResNet-50,2.5,6,2.800,0.60979
MPEG-7,ResNet-50,2.5,7,3.200,0.63257
MPEG-7,ResNet-50,2.5,8,3.600,0.65423
MPEG-7,ResNet-50,2.5,9,4.000,0.67572
MPEG-7,ResNet-50,2.5,10,4.400,0.68862
MPEG-7,ResNet-50,2.5,11,4.800,0.70212
MPEG-7,ResNet-50,2.5,12,5.200,0.71002
MPEG-7,ResNet-50,2.5,13,5.600,0.71704
MPEG-7,ResNet-50,2.5,14,6.000,0.72225
MPEG-7,ResNet-50,2.5,15,6.400,0.72619
MPEG-7,ResNet-50,2.5,16,6.800,0.73000
MPEG-7,ResNet-50,2.5,17,7.200,0.73178
MPEG-7,ResNet-50,2.5,18,7.600,0.73398
MPEG-7,ResNet-50,2.5,19,8.000,0.73495
MPEG-7,ResNet-50,2.5,20,8.400,0.73537
MPEG-7,ResNet-50,2.5,21,8.800,0.73631
MPEG-7,ResNet-50,2.5,22,9.200,0.73431
MPEG-7,ResNet-50,2.5,23,9.600,0.73524
MPEG-7,ResNet-50,2.5,24,10.000,0.73448
MPEG-7,ResNet-50,2.5,25,10.400,0.73460
MPEG-7,ResNet-50,2.5,26,10.800,0.73383
MPEG-7,ResNet-50,2.5,27,11.200,0.73371
MPEG-7,ResNet-50,2.5,28,11.600,0.73318
MPEG-7,ResNet-50,2.5,29,12.000,0.73281
MPEG-7,ResNet-50,2.5,30,12.400,0.73195
MPEG-7,ResNet-50,2.5,31,12.800,0.73108
MPEG-7,ResNet-50,2.5,32,13.200,0.73033
MPEG-7,ResNet-50,3,6,2.333,0.56848
MPEG-7,ResNet-50,3,7,2.667,0.59580
MPEG-7,ResNet-50,3,8,3.000,0.61956
MPEG-7,ResNet-50,3,9,3.333,0.63723
MPEG-7,ResNet-50,3,10,3.667,0.65179
MPEG-7,ResNet-50,3,11,4.000,0.66931
MPEG-7,ResNet-50,3,12,4.333,0.67949
MPEG-7,ResNet-50,3,13,4.667,0.69243
MPEG-7,ResNet-50,3,14,5.000,0.70103
MPEG-7,ResNet-50,3,15,5.333,0.70880
MPEG-7,ResNet-50,3,16,5.667,0.71376
MPEG-7,ResNet-50,3,17,6.000,0.71785
MPEG-7,ResNet-50,3,18,6.333,0.72162
MPEG-7,ResNet-50,3,19,6.667,0.72487
MPEG-7,ResNet-50,3,20,7.000,0.72862
MPEG-7,ResNet-50,3,21,7.333,0.73023
MPEG-7,ResNet-50,3,22,7.667,0.73212
MPEG-7,ResNet-50,3,23,8.000,0.73326
MPEG-7,ResNet-50,3,24,8.333,0.73359
MPEG-7,ResNet-50,3,25,8.667,0.73478
MPEG-7,ResNet-50,3,26,9.000,0.73401
MPEG-7,ResNet-50,3,27,9.333,0.73475
MPEG-7,ResNet-50,3,28,9.667,0.73381
MPEG-7,ResNet-50,3,29,10.000,0.73456
MPEG-7,ResNet-50,3,30,10.333,0.73360
MPEG-7,ResNet-50,3,31,10.667,0.73369
MPEG-7,ResNet-50,3,32,11.000,0.73313
MPEG-7,ResNet-50,3.5,6,2.000,0.53698
MPEG-7,ResNet-50,3.5,7,2.286,0.56228
MPEG-7,ResNet-50,3.5,8,2.571,0.58477
MPEG-7,ResNet-50,3.5,9,2.857,0.60543
MPEG-7,ResNet-50,3.5,10,3.143,0.62597
MPEG-7,ResNet-50,3.5,11,3.429,0.64050
MPEG-7,ResNet-50,3.5,12,3.714,0.65075
MPEG-7,ResNet-50,3.5,13,4.000,0.66595
MPEG-7,ResNet-50,3.5,14,4.286,0.67358
MPEG-7,ResNet-50,3.5,15,4.571,0.68555
MPEG-7,ResNet-50,3.5,16,4.857,0.69420
MPEG-7,ResNet-50,3.5,17,5.143,0.70198
MPEG-7,ResNet-50,3.5,18,5.429,0.70702
MPEG-7,ResNet-50,3.5,19,5.714,0.71221
MPEG-7,ResNet-50,3.5,20,6.000,0.71632
MPEG-7,ResNet-50,3.5,21,6.286,0.71906
MPEG-7,ResNet-50,3.5,22,6.571,0.72242
MPEG-7,ResNet-50,3.5,23,6.857,0.72501
MPEG-7,ResNet-50,3.5,24,7.143,0.72820
MPEG-7,ResNet-50,3.5,25,7.429,0.72954
MPEG-7,ResNet-50,3.5,26,7.714,0.73143
MPEG-7,ResNet-50,3.5,27,8.000,0.73267
MPEG-7,ResNet-50,3.5,28,8.286,0.73294
MPEG-7,ResNet-50,3.5,29,8.571,0.73392
MPEG-7,ResNet-50,3.5,30,8.857,0.73358
MPEG-7,ResNet-50,3.5,31,9.143,0.73463
MPEG-7,ResNet-50,3.5,32,9.429,0.73370
MPEG-7,ResNet-50,4,6,1.750,0.51764
MPEG-7,ResNet-50,4,7,2.000,0.53823
MPEG-7,ResNet-50,4,8,2.250,0.55624
MPEG-7,ResNet-50,4,9,2.500,0.57730
MPEG-7,ResNet-50,4,10,2.750,0.59727
MPEG-7,ResNet-50,4,11,3.000,0.61358
MPEG-7,ResNet-50,4,12,3.250,0.63092
MPEG-7,ResNet-50,4,13,3.500,0.64294
MPEG-7,ResNet-50,4,14,3.750,0.65086
MPEG-7,ResNet-50,4,15,4.000,0.66364
MPEG-7,ResNet-50,4,16,4.250,0.66998
MPEG-7,ResNet-50,4,17,4.500,0.68091
MPEG-7,ResNet-50,4,18,4.750,0.68931
MPEG-7,ResNet-50,4,19,5.000,0.69692
MPEG-7,ResNet-50,4,20,5.250,0.70181
MPEG-7,ResNet-50,4,21,5.500,0.70697
MPEG-7,ResNet-50,4,22,5.750,0.71064
MPEG-7,ResNet-50,4,23,6.000,0.71455
MPEG-7,ResNet-50,4,24,6.250,0.71755
MPEG-7,ResNet-50,4,25,6.500,0.72013
MPEG-7,ResNet-50,4,26,6.750,0.72333
MPEG-7,ResNet-50,4,27,7.000,0.72527
MPEG-7,ResNet-50,4,28,7.250,0.72837
MPEG-7,ResNet-50,4,29,7.500,0.72949
MPEG-7,ResNet-50,4,30,7.750,0.73126
MPEG-7,ResNet-50,4,31,8.000,0.73231
MPEG-7,ResNet-50,4,32,8.250,0.73264
MPEG-7,ResNet-50,5,6,1.400,0.49604
MPEG-7,ResNet-50,5,7,1.600,0.50738
MPEG-7,ResNet-50,5,8,1.800,0.51941
MPEG-7,ResNet-50,5,9,2.000,0.53569
MPEG-7,ResNet-50,5,10,2.200,0.54947
MPEG-7,ResNet-50,5,11,2.400,0.56672
MPEG-7,ResNet-50,5,12,2.600,0.58193
MPEG-7,ResNet-50,5,13,2.800,0.59687
MPEG-7,ResNet-50,5,14,3.000,0.61183
MPEG-7,ResNet-50,5,15,3.200,0.62329
MPEG-7,ResNet-50,5,16,3.400,0.63496
MPEG-7,ResNet-50,5,17,3.600,0.64462
MPEG-7,ResNet-50,5,18,3.800,0.65053
MPEG-7,ResNet-50,5,19,4.000,0.66059
MPEG-7,ResNet-50,5,20,4.200,0.66538
MPEG-7,ResNet-50,5,21,4.400,0.67446
MPEG-7,ResNet-50,5,22,4.600,0.68111
MPEG-7,ResNet-50,5,23,4.800,0.68866
MPEG-7,ResNet-50,5,24,5.000,0.69409
MPEG-7,ResNet-50,5,25,5.200,0.69914
MPEG-7,ResNet-50,5,26,5.400,0.70302
MPEG-7,ResNet-50,5,27,5.600,0.70665
MPEG-7,ResNet-50,5,28,5.800,0.70981
MPEG-7,ResNet-50,5,29,6.000,0.71289
MPEG-7,ResNet-50,5,30,6.200,0.71544
MPEG-7,ResNet-50,5,31,6.400,0.71749
MPEG-7,ResNet-50,5,32,6.600,0.71994
MPEG-7,ResNet-50,6,6,1.167,0.48595
MPEG-7,ResNet-50,6,7,1.333,0.49142
MPEG-7,ResNet-50,6,8,1.500,0.50040
MPEG-7,ResNet-50,6,9,1.667,0.51076
MPEG-7,ResNet-50,6,10,1.833,0.52062
MPEG-7,ResNet-50,6,11,2.000,0.53396
MPEG-7,ResNet-50,6,12,2.167,0.54528
MPEG-7,ResNet-50,6,13,2.333,0.55979
MPEG-7,ResNet-50,6,14,2.500,0.57300
MPEG-7,ResNet-50,6,15,2.667,0.58635
MPEG-7,ResNet-50,6,16,2.833,0.59916
MPEG-7,ResNet-50,6,17,3.000,0.60986
MPEG-7,ResNet-50,6,18,3.167,0.62158
MPEG-7,ResNet-50,6,19,3.333,0.63066
MPEG-7,ResNet-50,6,20,3.500,0.63833
MPEG-7,ResNet-50,6,21,3.667,0.64641
MPEG-7,ResNet-50,6,22,3.833,0.65087
MPEG-7,ResNet-50,6,23,4.000,0.65909
MPEG-7,ResNet-50,6,24,4.167,0.66284
MPEG-7,ResNet-50,6,25,4.333,0.67073
MPEG-7,ResNet-50,6,26,4.500,0.67570
MPEG-7,ResNet-50,6,27,4.667,0.68252
MPEG-7,ResNet-50,6,28,4.833,0.68799
MPEG-7,ResNet-50,6,29,5.000,0.69331
MPEG-7,ResNet-50,6,30,5.167,0.69663
MPEG-7,ResNet-50,6,31,5.333,0.70051
MPEG-7,ResNet-50,6,32,5.500,0.70354
MPEG-7,ResNet-50,8,6,0.875,0.47867
MPEG-7,ResNet-50,8,7,1.000,0.47988
MPEG-7,ResNet-50,8,8,1.125,0.48407
MPEG-7,ResNet-50,8,9,1.250,0.48729
MPEG-7,ResNet-50,8,10,1.375,0.49331
MPEG-7,ResNet-50,8,11,1.500,0.49944
MPEG-7,ResNet-50,8,12,1.625,0.50623
MPEG-7,ResNet-50,8,13,1.750,0.51482
MPEG-7,ResNet-50,8,14,1.875,0.52225
MPEG-7,ResNet-50,8,15,2.000,0.53217
MPEG-7,ResNet-50,8,16,2.125,0.54025
MPEG-7,ResNet-50,8,17,2.250,0.55119
MPEG-7,ResNet-50,8,18,2.375,0.56036
MPEG-7,ResNet-50,8,19,2.500,0.57115
MPEG-7,ResNet-50,8,20,2.625,0.58027
MPEG-7,ResNet-50,8,21,2.750,0.59010
MPEG-7,ResNet-50,8,22,2.875,0.59981
MPEG-7,ResNet-50,8,23,3.000,0.60770
MPEG-7,ResNet-50,8,24,3.125,0.61668
MPEG-7,ResNet-50,8,25,3.250,0.62394
MPEG-7,ResNet-50,8,26,3.375,0.63124
MPEG-7,ResNet-50,8,27,3.500,0.63714
MPEG-7,ResNet-50,8,28,3.625,0.64164
MPEG-7,ResNet-50,8,29,3.750,0.64775
MPEG-7,ResNet-50,8,30,3.875,0.65086
MPEG-7,ResNet-50,8,31,4.000,0.65726
MPEG-7,ResNet-50,8,32,4.125,0.66000
MPEG-7,Swin-T,2,6,3.500,0.66327
MPEG-7,Swin-T,2,7,4.000,0.68744
MPEG-7,Swin-T,2,8,4.500,0.70626
MPEG-7,Swin-T,2,9,5.000,0.71915
MPEG-7,Swin-T,2,10,5.500,0.72790
MPEG-7,Swin-T,2,11,6.000,0.73237
MPEG-7,Swin-T,2,12,6.500,0.74016
MPEG-7,Swin-T,2,13,7.000,0.74179
MPEG-7,Swin-T,2,14,7.500,0.74409
MPEG-7,Swin-T,2,15,8.000,0.74452
MPEG-7,Swin-T,2,16,8.500,0.74300
MPEG-7,Swin-T,2,17,9.000,0.74351
MPEG-7,Swin-T,2,18,9.500,0.74262
MPEG-7,Swin-T,2,19,10.000,0.74243
MPEG-7,Swin-T,2,20,10.500,0.74182
MPEG-7,Swin-T,2,21,11.000,0.74145
MPEG-7,Swin-T,2,22,11.500,0.74055
MPEG-7,Swin-T,2,23,12.000,0.73965
MPEG-7,Swin-T,2,24,12.500,0.73805
MPEG-7,Swin-T,2,25,13.000,0.73728
MPEG-7,Swin-T,2,26,13.500,0.73623
MPEG-7,Swin-T,2,27,14.000,0.73605
MPEG-7,Swin-T,2,28,14.500,0.73470
MPEG-7,Swin-T,2,29,15.000,0.73439
MPEG-7,Swin-T,2,30,15.500,0.73372
MPEG-7,Swin-T,2,31,16.000,0.73363
MPEG-7,Swin-T,2,32,16.500,0.73323
MPEG-7,Swin-T,2.5,6,2.800,0.59524
MPEG-7,Swin-T,2.5,7,3.200,0.62325
MPEG-7,Swin-T,2.5,8,3.600,0.65583
MPEG-7,Swin-T,2.5,9,4.000,0.67548
MPEG-7,Swin-T,2.5,10,4.400,0.69208
MPEG-7,Swin-T,2.5,11,4.800,0.70526
MPEG-7,Swin-T,2.5,12,5.200,0.71528
MPEG-7,Swin-T,2.5,13,5.600,0.72169
MPEG-7,Swin-T,2.5,14,6.000,0.72880
MPEG-7,Swin-T,2.5,15,6.400,0.73268
MPEG-7,Swin-T,2.5,16,6.800,0.73857
MPEG-7,Swin-T,2.5,17,7.200,0.74020
MPEG-7,Swin-T,2.5,18,7.600,0.74250
MPEG-7,Swin-T,2.5,19,8.000,0.74361
MPEG-7,Swin-T,2.5,20,8.400,0.74416
MPEG-7,Swin-T,2.5,21,8.800,0.74487
MPEG-7,Swin-T,2.5,22,9.200,0.74366
MPEG-7,Swin-T,2.5,23,9.600,0.74454
MPEG-7,Swin-T,2.5,24,10.000,0.74405
MPEG-7,Swin-T,2.5,25,10.400,0.74400
MPEG-7,Swin-T,2.5,26,10.800,0.74377
MPEG-7,Swin-T,2.5,27,11.200,0.74340
MPEG-7,Swin-T,2.5,28,11.600,0.74289
MPEG-7,Swin-T,2.5,29,12.000,0.74223
MPEG-7,Swin-T,2.5,30,12.400,0.74114
MPEG-7,Swin-T,2.5,31,12.800,0.74032
MPEG-7,Swin-T,2.5,32,13.200,0.73930
MPEG-7,Swin-T,3,6,2.333,0.54599
MPEG-7,Swin-T,3,7,2.667,0.57753
MPEG-7,Swin-T,3,8,3.000,0.60738
MPEG-7,Swin-T,3,9,3.333,0.62766
MPEG-7,Swin-T,3,10,3.667,0.65162
MPEG-7,Swin-T,3,11,4.000,0.66805
MPEG-7,Swin-T,3,12,4.333,0.68217
MPEG-7,Swin-T,3,13,4.667,0.69443
MPEG-7,Swin-T,3,14,5.000,0.70551
MPEG-7,Swin-T,3,15,5.333,0.71302
MPEG-7,Swin-T,3,16,5.667,0.71957
MPEG-7,Swin-T,3,17,6.000,0.72345
MPEG-7,Swin-T,3,18,6.333,0.72900
MPEG-7,Swin-T,3,19,6.667,0.73234
MPEG-7,Swin-T,3,20,7.000,0.73732
MPEG-7,Swin-T,3,21,7.333,0.73843
MPEG-7,Swin-T,3,22,7.667,0.74083
MPEG-7,Swin-T,3,23,8.000,0.74181
MPEG-7,Swin-T,3,24,8.333,0.74244
MPEG-7,Swin-T,3,25,8.667,0.74315
MPEG-7,Swin-T,3,26,9.000,0.74272
MPEG-7,Swin-T,3,27,9.333,0.74350
MPEG-7,Swin-T,3,28,9.667,0.74255
MPEG-7,Swin-T,3,29,10.000,0.74346
MPEG-7,Swin-T,3,30,10.333,0.74296
MPEG-7,Swin-T,3,31,10.667,0.74291
MPEG-7,Swin-T,3,32,11.000,0.74272
MPEG-7,Swin-T,3.5,6,2.000,0.50914
MPEG-7,Swin-T,3.5,7,2.286,0.53729
MPEG-7,Swin-T,3.5,8,2.571,0.56410
MPEG-7,Swin-T,3.5,9,2.857,0.58910
MPEG-7,Swin-T,3.5,10,3.143,0.61411
MPEG-7,Swin-T,3.5,11,3.429,0.63080
MPEG-7,Swin-T,3.5,12,3.714,0.64961
MPEG-7,Swin-T,3.5,13,4.000,0.66383
MPEG-7,Swin-T,3.5,14,4.286,0.67602
MPEG-7,Swin-T,3.5,15,4.571,0.68726
MPEG-7,Swin-T,3.5,16,4.857,0.69820
MPEG-7,Swin-T,3.5,17,5.143,0.70593
MPEG-7,Swin-T,3.5,18,5.429,0.71218
MPEG-7,Swin-T,3.5,19,5.714,0.71713
MPEG-7,Swin-T,3.5,20,6.000,0.72211
MPEG-7,Swin-T,3.5,21,6.286,0.72504
MPEG-7,Swin-T,3.5,22,6.571,0.72988
MPEG-7,Swin-T,3.5,23,6.857,0.73252
MPEG-7,Swin-T,3.5,24,7.143,0.73661
MPEG-7,Swin-T,3.5,25,7.429,0.73745
MPEG-7,Swin-T,3.5,26,7.714,0.73965
MPEG-7,Swin-T,3.5,27,8.000,0.74052
MPEG-7,Swin-T,3.5,28,8.286,0.74118
MPEG-7,Swin-T,3.5,29,8.571,0.74205
MPEG-7,Swin-T,3.5,30,8.857,0.74202
MPEG-7,Swin-T,3.5,31,9.143,0.74244
MPEG-7,Swin-T,3.5,32,9.429,0.74170
MPEG-7,Swin-T,4,6,1.750,0.48653
MPEG-7,Swin-T,4,7,2.000,0.50829
MPEG-7,Swin-T,4,8,2.250,0.53081
MPEG-7,Swin-T,4,9,2.500,0.55501
MPEG-7,Swin-T,4,10,2.750,0.57916
MPEG-7,Swin-T,4,11,3.000,0.59807
MPEG-7,Swin-T,4,12,3.250,0.61994
MPEG-7,Swin-T,4,13,3.500,0.63389
MPEG-7,Swin-T,4,14,3.750,0.64923
MPEG-7,Swin-T,4,15,4.000,0.66153
MPEG-7,Swin-T,4,16,4.250,0.67238
MPEG-7,Swin-T,4,17,4.500,0.68236
MPEG-7,Swin-T,4,18,4.750,0.69240
MPEG-7,Swin-T,4,19,5.000,0.69998
MPEG-7,Swin-T,4,20,5.250,0.70644
MPEG-7,Swin-T,4,21,5.500,0.71194
MPEG-7,Swin-T,4,22,5.750,0.71657
MPEG-7,Swin-T,4,23,6.000,0.71986
MPEG-7,Swin-T,4,24,6.250,0.72440
MPEG-7,Swin-T,4,25,6.500,0.72681
MPEG-7,Swin-T,4,26,6.750,0.73090
MPEG-7,Swin-T,4,27,7.000,0.73300
MPEG-7,Swin-T,4,28,7.250,0.73668
MPEG-7,Swin-T,4,29,7.500,0.73754
MPEG-7,Swin-T,4,30,7.750,0.73946
MPEG-7,Swin-T,4,31,8.000,0.74019
MPEG-7,Swin-T,4,32,8.250,0.74062
MPEG-7,Swin-T,5,6,1.400,0.46294
MPEG-7,Swin-T,5,7,1.600,0.47272
MPEG-7,Swin-T,5,8,1.800,0.48815
MPEG-7,Swin-T,5,9,2.000,0.50512
MPEG-7,Swin-T,5,10,2.200,0.52270
MPEG-7,Swin-T,5,11,2.400,0.54208
MPEG-7,Swin-T,5,12,2.600,0.56056
MPEG-7,Swin-T,5,13,2.800,0.57820
MPEG-7,Swin-T,5,14,3.000,0.59673
MPEG-7,Swin-T,5,15,3.200,0.60963
MPEG-7,Swin-T,5,16,3.400,0.62649
MPEG-7,Swin-T,5,17,3.600,0.63681
MPEG-7,Swin-T,5,18,3.800,0.64826
MPEG-7,Swin-T,5,19,4.000,0.65826
MPEG-7,Swin-T,5,20,4.200,0.66724
MPEG-7,Swin-T,5,21,4.400,0.67549
MPEG-7,Swin-T,5,22,4.600,0.68365
MPEG-7,Swin-T,5,23,4.800,0.69082
MPEG-7,Swin-T,5,24,5.000,0.69786
MPEG-7,Swin-T,5,25,5.200,0.70321
MPEG-7,Swin-T,5,26,5.400,0.70784
MPEG-7,Swin-T,5,27,5.600,0.71201
MPEG-7,Swin-T,5,28,5.800,0.71553
MPEG-7,Swin-T,5,29,6.000,0.71841
MPEG-7,Swin-T,5,30,6.200,0.72172
MPEG-7,Swin-T,5,31,6.400,0.72404
MPEG-7,Swin-T,5,32,6.600,0.72736
MPEG-7,Swin-T,6,6,1.167,0.45225
MPEG-7,Swin-T,6,7,1.333,0.45640
MPEG-7,Swin-T,6,8,1.500,0.46724
MPEG-7,Swin-T,6,9,1.667,0.47653
MPEG-7,Swin-T,6,10,1.833,0.48927
MPEG-7,Swin-T,6,11,2.000,0.50317
MPEG-7,Swin-T,6,12,2.167,0.51761
MPEG-7,Swin-T,6,13,2.333,0.53401
MPEG-7,Swin-T,6,14,2.500,0.54982
MPEG-7,Swin-T,6,15,2.667,0.56545
MPEG-7,Swin-T,6,16,2.833,0.58114
MPEG-7,Swin-T,6,17,3.000,0.59359
MPEG-7,Swin-T,6,18,3.167,0.60767
MPEG-7,Swin-T,6,19,3.333,0.61817
MPEG-7,Swin-T,6,20,3.500,0.63063
MPEG-7,Swin-T,6,21,3.667,0.63907
MPEG-7,Swin-T,6,22,3.833,0.64829
MPEG-7,Swin-T,6,23,4.000,0.65664
MPEG-7,Swin-T,6,24,4.167,0.66389
MPEG-7,Swin-T,6,25,4.333,0.67124
MPEG-7,Swin-T,6,26,4.500,0.67795
MPEG-7,Swin-T,6,27,4.667,0.68428
MPEG-7,Swin-T,6,28,4.833,0.69082
MPEG-7,Swin-T,6,29,5.000,0.69590
MPEG-7,Swin-T,6,30,5.167,0.70106
MPEG-7,Swin-T,6,31,5.333,0.70509
MPEG-7,Swin-T,6,32,5.500,0.70874
MPEG-7,Swin-T,8,6,0.875,0.44464
MPEG-7,Swin-T,8,7,1.000,0.44548
MPEG-7,Swin-T,8,8,1.125,0.45021
MPEG-7,Swin-T,8,9,1.250,0.45255
MPEG-7,Swin-T,8,10,1.375,0.45967
MPEG-7,Swin-T,8,11,1.500,0.46458
MPEG-7,Swin-T,8,12,1.625,0.47330
MPEG-7,Swin-T,8,13,1.750,0.48124
MPEG-7,Swin-T,8,14,1.875,0.49065
MPEG-7,Swin-T,8,15,2.000,0.50113
MPEG-7,Swin-T,8,16,2.125,0.51171
MPEG-7,Swin-T,8,17,2.250,0.52372
MPEG-7,Swin-T,8,18,2.375,0.53522
MPEG-7,Swin-T,8,19,2.500,0.54699
MPEG-7,Swin-T,8,20,2.625,0.55837
MPEG-7,Swin-T,8,21,2.750,0.56978
MPEG-7,Swin-T,8,22,2.875,0.58153
MPEG-7,Swin-T,8,23,3.000,0.59090
MPEG-7,Swin-T,8,24,3.125,0.60147
MPEG-7,Swin-T,8,25,3.250,0.60973
MPEG-7,Swin-T,8,26,3.375,0.62017
MPEG-7,Swin-T,8,27,3.500,0.62724
MPEG-7,Swin-T,8,28,3.625,0.63527
MPEG-7,Swin-T,8,29,3.750,0.64136
MPEG-7,Swin-T,8,30,3.875,0.64830
MPEG-7,Swin-T,8,31,4.000,0.65429
MPEG-7,Swin-T,8,32,4.125,0.65986
MPEG-7,ViT-B/16,2,6,3.500,0.74924
MPEG-7,ViT-B/16,2,7,4.000,0.76598
MPEG-7,ViT-B/16,2,8,4.500,0.77968
MPEG-7,ViT-B/16,2,9,5.000,0.78617
MPEG-7,ViT-B/16,2,10,5.500,0.79197
MPEG-7,ViT-B/16,2,11,6.000,0.79454
MPEG-7,ViT-B/16,2,12,6.500,0.79978
MPEG-7,ViT-B/16,2,13,7.000,0.80034
MPEG-7,ViT-B/16,2,14,7.500,0.80224
MPEG-7,ViT-B/16,2,15,8.000,0.80190
MPEG-7,ViT-B/16,2,16,8.500,0.80072
MPEG-7,ViT-B/16,2,17,9.000,0.80064
MPEG-7,ViT-B/16,2,18,9.500,0.80068
MPEG-7,ViT-B/16,2,19,10.000,0.80053
MPEG-7,ViT-B/16,2,20,10.500,0.80003
MPEG-7,ViT-B/16,2,21,11.000,0.79968
MPEG-7,ViT-B/16,2,22,11.500,0.79834
MPEG-7,ViT-B/16,2,23,12.000,0.79751
MPEG-7,ViT-B/16,2,24,12.500,0.79608
MPEG-7,ViT-B/16,2,25,13.000,0.79558
MPEG-7,ViT-B/16,2,26,13.500,0.79469
MPEG-7,ViT-B/16,2,27,14.000,0.79453
MPEG-7,ViT-B/16,2,28,14.500,0.79351
MPEG-7,ViT-B/16,2,29,15.000,0.79323
MPEG-7,ViT-B/16,2,30,15.500,0.79232
MPEG-7,ViT-B/16,2,31,16.000,0.79225
MPEG-7,ViT-B/16,2,32,16.500,0.79167
MPEG-7,ViT-B/16,2.5,6,2.800,0.71392
MPEG-7,ViT-B/16,2.5,7,3.200,0.72852
MPEG-7,ViT-B/16,2.5,8,3.600,0.74505
MPEG-7,ViT-B/16,2.5,9,4.000,0.75865
MPEG-7,ViT-B/16,2.5,10,4.400,0.76858
MPEG-7,ViT-B/16,2.5,11,4.800,0.77686
MPEG-7,ViT-B/16,2.5,12,5.200,0.78441
MPEG-7,ViT-B/16,2.5,13,5.600,0.78761
MPEG-7,ViT-B/16,2.5,14,6.000,0.79246
MPEG-7,ViT-B/16,2.5,15,6.400,0.79467
MPEG-7,ViT-B/16,2.5,16,6.800,0.79883
MPEG-7,ViT-B/16,2.5,17,7.200,0.79951
MPEG-7,ViT-B/16,2.5,18,7.600,0.80076
MPEG-7,ViT-B/16,2.5,19,8.000,0.80068
MPEG-7,ViT-B/16,2.5,20,8.400,0.80085
MPEG-7,ViT-B/16,2.5,21,8.800,0.80133
MPEG-7,ViT-B/16,2.5,22,9.200,0.80010
MPEG-7,ViT-B/16,2.5,23,9.600,0.80060
MPEG-7,ViT-B/16,2.5,24,10.000,0.80077
MPEG-7,ViT-B/16,2.5,25,10.400,0.80079
MPEG-7,ViT-B/16,2.5,26,10.800,0.80011
MPEG-7,ViT-B/16,2.5,27,11.200,0.80012
MPEG-7,ViT-B/16,2.5,28,11.600,0.79897
MPEG-7,ViT-B/16,2.5,29,12.000,0.79870
MPEG-7,ViT-B/16,2.5,30,12.400,0.79758
MPEG-7,ViT-B/16,2.5,31,12.800,0.79715
MPEG-7,ViT-B/16,2.5,32,13.200,0.79643
MPEG-7,ViT-B/16,3,6,2.333,0.68964
MPEG-7,ViT-B/16,3,7,2.667,0.70639
MPEG-7,ViT-B/16,3,8,3.000,0.72278
MPEG-7,ViT-B/16,3,9,3.333,0.73379
MPEG-7,ViT-B/16,3,10,3.667,0.74425
MPEG-7,ViT-B/16,3,11,4.000,0.75556
MPEG-7,ViT-B/16,3,12,4.333,0.76264
MPEG-7,ViT-B/16,3,13,4.667,0.77134
MPEG-7,ViT-B/16,3,14,5.000,0.77896
MPEG-7,ViT-B/16,3,15,5.333,0.78283
MPEG-7,ViT-B/16,3,16,5.667,0.78755
MPEG-7,ViT-B/16,3,17,6.000,0.78923
MPEG-7,ViT-B/16,3,18,6.333,0.79331
MPEG-7,ViT-B/16,3,19,6.667,0.79513
MPEG-7,ViT-B/16,3,20,7.000,0.79836
MPEG-7,ViT-B/16,3,21,7.333,0.79883
MPEG-7,ViT-B/16,3,22,7.667,0.79987
MPEG-7,ViT-B/16,3,23,8.000,0.79997
MPEG-7,ViT-B/16,3,24,8.333,0.80034
MPEG-7,ViT-B/16,3,25,8.667,0.80054
MPEG-7,ViT-B/16,3,26,9.000,0.80014
MPEG-7,ViT-B/16,3,27,9.333,0.80048
MPEG-7,ViT-B/16,3,28,9.667,0.80024
MPEG-7,ViT-B/16,3,29,10.000,0.80047
MPEG-7,ViT-B/16,3,30,10.333,0.80036
MPEG-7,ViT-B/16,3,31,10.667,0.80031
MPEG-7,ViT-B/16,3,32,11.000,0.80006
MPEG-7,ViT-B/16,3.5,6,2.000,0.67012
MPEG-7,ViT-B/16,3.5,7,2.286,0.68526
MPEG-7,ViT-B/16,3.5,8,2.571,0.69803
MPEG-7,ViT-B/16,3.5,9,2.857,0.71141
MPEG-7,ViT-B/16,3.5,10,3.143,0.72695
MPEG-7,ViT-B/16,3.5,11,3.429,0.73598
MPEG-7,ViT-B/16,3.5,12,3.714,0.74376
MPEG-7,ViT-B/16,3.5,13,4.000,0.75339
MPEG-7,ViT-B/16,3.5,14,4.286,0.75933
MPEG-7,ViT-B/16,3.5,15,4.571,0.76729
MPEG-7,ViT-B/16,3.5,16,4.857,0.77439
MPEG-7,ViT-B/16,3.5,17,5.143,0.77863
MPEG-7,ViT-B/16,3.5,18,5.429,0.78331
MPEG-7,ViT-B/16,3.5,19,5.714,0.78565
MPEG-7,ViT-B/16,3.5,20,6.000,0.78931
MPEG-7,ViT-B/16,3.5,21,6.286,0.79080
MPEG-7,ViT-B/16,3.5,22,6.571,0.79429
MPEG-7,ViT-B/16,3.5,23,6.857,0.79557
MPEG-7,ViT-B/16,3.5,24,7.143,0.79817
MPEG-7,ViT-B/16,3.5,25,7.429,0.79845
MPEG-7,ViT-B/16,3.5,26,7.714,0.79950
MPEG-7,ViT-B/16,3.5,27,8.000,0.79951
MPEG-7,ViT-B/16,3.5,28,8.286,0.79976
MPEG-7,ViT-B/16,3.5,29,8.571,0.80001
MPEG-7,ViT-B/16,3.5,30,8.857,0.79988
MPEG-7,ViT-B/16,3.5,31,9.143,0.80026
MPEG-7,ViT-B/16,3.5,32,9.429,0.79959
MPEG-7,ViT-B/16,4,6,1.750,0.65887
MPEG-7,ViT-B/16,4,7,2.000,0.66993
MPEG-7,ViT-B/16,4,8,2.250,0.68115
MPEG-7,ViT-B/16,4,9,2.500,0.69428
MPEG-7,ViT-B/16,4,10,2.750,0.70583
MPEG-7,ViT-B/16,4,11,3.000,0.71640
MPEG-7,ViT-B/16,4,12,3.250,0.72949
MPEG-7,ViT-B/16,4,13,3.500,0.73716
MPEG-7,ViT-B/16,4,14,3.750,0.74355
MPEG-7,ViT-B/16,4,15,4.000,0.75176
MPEG-7,ViT-B/16,4,16,4.250,0.75699
MPEG-7,ViT-B/16,4,17,4.500,0.76435
MPEG-7,ViT-B/16,4,18,4.750,0.77035
MPEG-7,ViT-B/16,4,19,5.000,0.77506
MPEG-7,ViT-B/16,4,20,5.250,0.77954
MPEG-7,ViT-B/16,4,21,5.500,0.78218
MPEG-7,ViT-B/16,4,22,5.750,0.78566
MPEG-7,ViT-B/16,4,23,6.000,0.78723
MPEG-7,ViT-B/16,4,24,6.250,0.79027
MPEG-7,ViT-B/16,4,25,6.500,0.79178
MPEG-7,ViT-B/16,4,26,6.750,0.79473
MPEG-7,ViT-B/16,4,27,7.000,0.79591
MPEG-7,ViT-B/16,4,28,7.250,0.79798
MPEG-7,ViT-B/16,4,29,7.500,0.79813
MPEG-7,ViT-B/16,4,30,7.750,0.79903
MPEG-7,ViT-B/16,4,31,8.000,0.79912
MPEG-7,ViT-B/16,4,32,8.250,0.79944
MPEG-7,ViT-B/16,5,6,1.400,0.64720
MPEG-7,ViT-B/16,5,7,1.600,0.65168
MPEG-7,ViT-B/16,5,8,1.800,0.65957
MPEG-7,ViT-B/16,5,9,2.000,0.66814
MPEG-7,ViT-B/16,5,10,2.200,0.67686
MPEG-7,ViT-B/16,5,11,2.400,0.68753
MPEG-7,ViT-B/16,5,12,2.600,0.69635
MPEG-7,ViT-B/16,5,13,2.800,0.70601
MPEG-7,ViT-B/16,5,14,3.000,0.71672
MPEG-7,ViT-B/16,5,15,3.200,0.72382
MPEG-7,ViT-B/16,5,16,3.400,0.73264
MPEG-7,ViT-B/16,5,17,3.600,0.73847
MPEG-7,ViT-B/16,5,18,3.800,0.74332
MPEG-7,ViT-B/16,5,19,4.000,0.74977
MPEG-7,ViT-B/16,5,20,4.200,0.75385
MPEG-7,ViT-B/16,5,21,4.400,0.76009
MPEG-7,ViT-B/16,5,22,4.600,0.76457
MPEG-7,ViT-B/16,5,23,4.800,0.76946
MPEG-7,ViT-B/16,5,24,5.000,0.77410
MPEG-7,ViT-B/16,5,25,5.200,0.77696
MPEG-7,ViT-B/16,5,26,5.400,0.78022
MPEG-7,ViT-B/16,5,27,5.600,0.78232
MPEG-7,ViT-B/16,5,28,5.800,0.78522
MPEG-7,ViT-B/16,5,29,6.000,0.78659
MPEG-7,ViT-B/16,5,30,6.200,0.78907
MPEG-7,ViT-B/16,5,31,6.400,0.79000
MPEG-7,ViT-B/16,5,32,6.600,0.79248
MPEG-7,ViT-B/16,6,6,1.167,0.64228
MPEG-7,ViT-B/16,6,7,1.333,0.64396
MPEG-7,ViT-B/16,6,8,1.500,0.64922
MPEG-7,ViT-B/16,6,9,1.667,0.65351
MPEG-7,ViT-B/16,6,10,1.833,0.66005
MPEG-7,ViT-B/16,6,11,2.000,0.66715
MPEG-7,ViT-B/16,6,12,2.167,0.67414
MPEG-7,ViT-B/16,6,13,2.333,0.68305
MPEG-7,ViT-B/16,6,14,2.500,0.69116
MPEG-7,ViT-B/16,6,15,2.667,0.69963
MPEG-7,ViT-B/16,6,16,2.833,0.70705
MPEG-7,ViT-B/16,6,17,3.000,0.71417
MPEG-7,ViT-B/16,6,18,3.167,0.72298
MPEG-7,ViT-B/16,6,19,3.333,0.72886
MPEG-7,ViT-B/16,6,20,3.500,0.73505
MPEG-7,ViT-B/16,6,21,3.667,0.73987
MPEG-7,ViT-B/16,6,22,3.833,0.74360
MPEG-7,ViT-B/16,6,23,4.000,0.74878
MPEG-7,ViT-B/16,6,24,4.167,0.75200
MPEG-7,ViT-B/16,6,25,4.333,0.75753
MPEG-7,ViT-B/16,6,26,4.500,0.76092
MPEG-7,ViT-B/16,6,27,4.667,0.76555
MPEG-7,ViT-B/16,6,28,4.833,0.76969
MPEG-7,ViT-B/16,6,29,5.000,0.77281
MPEG-7,ViT-B/16,6,30,5.167,0.77613
MPEG-7,ViT-B/16,6,31,5.333,0.77840
MPEG-7,ViT-B/16,6,32,5.500,0.78081
MPEG-7,ViT-B/16,8,6,0.875,0.63898
MPEG-7,ViT-B/16,8,7,1.000,0.63929
MPEG-7,ViT-B/16,8,8,1.125,0.64131
MPEG-7,ViT-B/16,8,9,1.250,0.64222
MPEG-7,ViT-B/16,8,10,1.375,0.64560
MPEG-7,ViT-B/16,8,11,1.500,0.64768
MPEG-7,ViT-B/16,8,12,1.625,0.65199
MPEG-7,ViT-B/16,8,13,1.750,0.65577
MPEG-7,ViT-B/16,8,14,1.875,0.66075
MPEG-7,ViT-B/16,8,15,2.000,0.66605
MPEG-7,ViT-B/16,8,16,2.125,0.67119
MPEG-7,ViT-B/16,8,17,2.250,0.67748
MPEG-7,ViT-B/16,8,18,2.375,0.68342
MPEG-7,ViT-B/16,8,19,2.500,0.68979
MPEG-7,ViT-B/16,8,20,2.625,0.69540
MPEG-7,ViT-B/16,8,21,2.750,0.70155
MPEG-7,ViT-B/16,8,22,2.875,0.70727
MPEG-7,ViT-B/16,8,23,3.000,0.71252
MPEG-7,ViT-B/16,8,24,3.125,0.71962
MPEG-7,ViT-B/16,8,25,3.250,0.72408
MPEG-7,ViT-B/16,8,26,3.375,0.72985
MPEG-7,ViT-B/16,8,27,3.500,0.73381
MPEG-7,ViT-B/16,8,28,3.625,0.73744
MPEG-7,ViT-B/16,8,29,3.750,0.74110
MPEG-7,ViT-B/16,8,30,3.875,0.74361
MPEG-7,ViT-B/16,8,31,4.000,0.74746
MPEG-7,ViT-B/16,8,32,4.125,0.74997
