dataset,backbone,metric,comparison,mean_A,mean_B,delta,ci_lo,ci_hi,wins,ties,losses,p_t
MPEG-7,-,accuracy,CEN-RG - BOX-INS,0.9350,0.9064,0.0286,0.0189,0.0382,10,0,0,8.77e-05
MPEG-7,-,macroF1,CEN-RG - BOX-INS,0.9321,0.9014,0.0306,0.0194,0.0419,10,0,0,0.00017
MPEG-7,-,accuracy,CEN-RG - CEN-AREA,0.9350,0.9307,0.0043,-0.0045,0.0131,4,2,4,0.301
MPEG-7,-,macroF1,CEN-RG - CEN-AREA,0.9321,0.9275,0.0045,-0.0051,0.0142,5,0,5,0.314
MPEG-7,-,accuracy,CEN-RG - CEN-MAX,0.9350,0.9307,0.0043,-0.0073,0.0158,6,0,4,0.423
MPEG-7,-,macroF1,CEN-RG - CEN-MAX,0.9321,0.9271,0.0049,-0.0079,0.0178,6,0,4,0.408
MPEG-7,DINOv2,accuracy,Deep+CEN-RG - Deep,0.9950,0.9850,0.0100,0.0044,0.0156,8,2,0,0.00301
MPEG-7,DINOv2,macroF1,Deep+CEN-RG - Deep,0.9949,0.9845,0.0104,0.0044,0.0163,8,2,0,0.00339
MPEG-7,DINOv2,accuracy,Deep+CEN-RG - Deep+BOX-INS,0.9950,0.9932,0.0018,-0.0004,0.0040,5,4,1,0.0957
MPEG-7,DINOv2,macroF1,Deep+CEN-RG - Deep+BOX-INS,0.9949,0.9930,0.0018,-0.0004,0.0040,5,4,1,0.0957
MPEG-7,DINOv2,accuracy,Deep+CEN-RG - Deep+CEN-AREA,0.9950,0.9946,0.0004,-0.0005,0.0012,1,9,0,0.343
MPEG-7,DINOv2,macroF1,Deep+CEN-RG - Deep+CEN-AREA,0.9949,0.9945,0.0004,-0.0005,0.0012,1,9,0,0.343
MPEG-7,DINOv2,accuracy,Deep+BOX-INS - Deep,0.9932,0.9850,0.0082,0.0021,0.0144,7,2,1,0.0144
MPEG-7,DINOv2,macroF1,Deep+BOX-INS - Deep,0.9930,0.9845,0.0085,0.0021,0.0150,7,2,1,0.0149
MPEG-7,EfficientNet-B0,accuracy,Deep+CEN-RG - Deep,0.9889,0.9518,0.0371,0.0272,0.0471,10,0,0,1.43e-05
MPEG-7,EfficientNet-B0,macroF1,Deep+CEN-RG - Deep,0.9887,0.9493,0.0394,0.0283,0.0506,10,0,0,2.2e-05
MPEG-7,EfficientNet-B0,accuracy,Deep+CEN-RG - Deep+BOX-INS,0.9889,0.9832,0.0057,0.0015,0.0099,7,3,0,0.0133
MPEG-7,EfficientNet-B0,macroF1,Deep+CEN-RG - Deep+BOX-INS,0.9887,0.9828,0.0059,0.0013,0.0105,7,2,1,0.0169
MPEG-7,EfficientNet-B0,accuracy,Deep+CEN-RG - Deep+CEN-AREA,0.9889,0.9839,0.0050,0.0005,0.0095,6,3,1,0.0343
MPEG-7,EfficientNet-B0,macroF1,Deep+CEN-RG - Deep+CEN-AREA,0.9887,0.9834,0.0053,0.0003,0.0103,6,1,3,0.0387
MPEG-7,EfficientNet-B0,accuracy,Deep+BOX-INS - Deep,0.9832,0.9518,0.0314,0.0236,0.0392,10,0,0,7.59e-06
MPEG-7,EfficientNet-B0,macroF1,Deep+BOX-INS - Deep,0.9828,0.9493,0.0335,0.0245,0.0425,10,0,0,1.51e-05
MPEG-7,ResNet-18,accuracy,Deep+CEN-RG - Deep,0.9857,0.9543,0.0314,0.0220,0.0408,10,0,0,3.43e-05
MPEG-7,ResNet-18,macroF1,Deep+CEN-RG - Deep,0.9853,0.9515,0.0337,0.0236,0.0438,10,0,0,3.49e-05
MPEG-7,ResNet-18,accuracy,Deep+CEN-RG - Deep+BOX-INS,0.9857,0.9807,0.0050,0.0012,0.0088,7,3,0,0.0165
MPEG-7,ResNet-18,macroF1,Deep+CEN-RG - Deep+BOX-INS,0.9853,0.9800,0.0052,0.0014,0.0091,8,0,2,0.0134
MPEG-7,ResNet-18,accuracy,Deep+CEN-RG - Deep+CEN-AREA,0.9857,0.9871,-0.0014,-0.0056,0.0028,4,1,5,0.462
MPEG-7,ResNet-18,macroF1,Deep+CEN-RG - Deep+CEN-AREA,0.9853,0.9868,-0.0015,-0.0059,0.0029,4,1,5,0.458
MPEG-7,ResNet-18,accuracy,Deep+BOX-INS - Deep,0.9807,0.9543,0.0264,0.0178,0.0350,10,0,0,6.78e-05
MPEG-7,ResNet-18,macroF1,Deep+BOX-INS - Deep,0.9800,0.9515,0.0285,0.0192,0.0378,10,0,0,6.81e-05
MPEG-7,ResNet-50,accuracy,Deep+CEN-RG - Deep,0.9839,0.9154,0.0686,0.0523,0.0849,10,0,0,5.35e-06
MPEG-7,ResNet-50,macroF1,Deep+CEN-RG - Deep,0.9835,0.9123,0.0712,0.0538,0.0887,10,0,0,6.8e-06
MPEG-7,ResNet-50,accuracy,Deep+CEN-RG - Deep+BOX-INS,0.9839,0.9771,0.0068,0.0006,0.0130,7,2,1,0.0351
MPEG-7,ResNet-50,macroF1,Deep+CEN-RG - Deep+BOX-INS,0.9835,0.9765,0.0070,0.0006,0.0135,7,1,2,0.0345
MPEG-7,ResNet-50,accuracy,Deep+CEN-RG - Deep+CEN-AREA,0.9839,0.9814,0.0025,-0.0034,0.0084,6,1,3,0.363
MPEG-7,ResNet-50,macroF1,Deep+CEN-RG - Deep+CEN-AREA,0.9835,0.9808,0.0027,-0.0033,0.0087,6,1,3,0.333
MPEG-7,ResNet-50,accuracy,Deep+BOX-INS - Deep,0.9771,0.9154,0.0618,0.0469,0.0766,10,0,0,5.91e-06
MPEG-7,ResNet-50,macroF1,Deep+BOX-INS - Deep,0.9765,0.9123,0.0642,0.0483,0.0801,10,0,0,7.62e-06
MPEG-7,Swin-T,accuracy,Deep+CEN-RG - Deep,0.9839,0.8932,0.0907,0.0775,0.1040,10,0,0,8.59e-08
MPEG-7,Swin-T,macroF1,Deep+CEN-RG - Deep,0.9836,0.8886,0.0950,0.0821,0.1079,10,0,0,4.55e-08
MPEG-7,Swin-T,accuracy,Deep+CEN-RG - Deep+BOX-INS,0.9839,0.9739,0.0100,0.0025,0.0175,8,1,1,0.0146
MPEG-7,Swin-T,macroF1,Deep+CEN-RG - Deep+BOX-INS,0.9836,0.9734,0.0102,0.0026,0.0178,9,0,1,0.014
MPEG-7,Swin-T,accuracy,Deep+CEN-RG - Deep+CEN-AREA,0.9839,0.9793,0.0046,-0.0025,0.0118,7,0,3,0.175
MPEG-7,Swin-T,macroF1,Deep+CEN-RG - Deep+CEN-AREA,0.9836,0.9788,0.0049,-0.0024,0.0121,7,0,3,0.163
MPEG-7,Swin-T,accuracy,Deep+BOX-INS - Deep,0.9739,0.8932,0.0807,0.0704,0.0910,10,0,0,2.63e-08
MPEG-7,Swin-T,macroF1,Deep+BOX-INS - Deep,0.9734,0.8886,0.0848,0.0742,0.0953,10,0,0,2.06e-08
MPEG-7,ViT-B/16,accuracy,Deep+CEN-RG - Deep,0.9864,0.9486,0.0379,0.0302,0.0455,10,0,0,1.37e-06
MPEG-7,ViT-B/16,macroF1,Deep+CEN-RG - Deep,0.9861,0.9460,0.0400,0.0321,0.0479,10,0,0,1.13e-06
MPEG-7,ViT-B/16,accuracy,Deep+CEN-RG - Deep+BOX-INS,0.9864,0.9775,0.0089,0.0035,0.0143,9,0,1,0.00472
MPEG-7,ViT-B/16,macroF1,Deep+CEN-RG - Deep+BOX-INS,0.9861,0.9765,0.0095,0.0037,0.0154,9,0,1,0.00504
MPEG-7,ViT-B/16,accuracy,Deep+CEN-RG - Deep+CEN-AREA,0.9864,0.9839,0.0025,-0.0009,0.0059,6,1,3,0.132
MPEG-7,ViT-B/16,macroF1,Deep+CEN-RG - Deep+CEN-AREA,0.9861,0.9834,0.0027,-0.0010,0.0063,6,1,3,0.131
MPEG-7,ViT-B/16,accuracy,Deep+BOX-INS - Deep,0.9775,0.9486,0.0289,0.0200,0.0379,10,0,0,4.58e-05
MPEG-7,ViT-B/16,macroF1,Deep+BOX-INS - Deep,0.9765,0.9460,0.0305,0.0214,0.0396,10,0,0,3.33e-05
Kimia-216,-,accuracy,CEN-RG - BOX-INS,0.9806,0.9500,0.0306,0.0087,0.0524,6,4,0,0.0115
Kimia-216,-,macroF1,CEN-RG - BOX-INS,0.9793,0.9472,0.0320,0.0091,0.0550,6,3,1,0.0117
Kimia-216,-,accuracy,CEN-RG - CEN-AREA,0.9806,0.9833,-0.0028,-0.0202,0.0146,2,6,2,0.726
Kimia-216,-,macroF1,CEN-RG - CEN-AREA,0.9793,0.9822,-0.0030,-0.0215,0.0156,2,6,2,0.726
Kimia-216,-,accuracy,CEN-RG - CEN-MAX,0.9806,0.9778,0.0028,-0.0119,0.0174,3,5,2,0.678
Kimia-216,-,macroF1,CEN-RG - CEN-MAX,0.9793,0.9763,0.0030,-0.0127,0.0186,3,5,2,0.678
Kimia-216,ResNet-18,accuracy,Deep+CEN-RG - Deep,0.9944,0.9750,0.0194,0.0098,0.0290,7,3,0,0.00132
Kimia-216,ResNet-18,macroF1,Deep+CEN-RG - Deep,0.9941,0.9737,0.0204,0.0103,0.0305,7,3,0,0.00135
Kimia-216,ResNet-18,accuracy,Deep+CEN-RG - Deep+BOX-INS,0.9944,0.9722,0.0222,0.0065,0.0379,6,4,0,0.0107
Kimia-216,ResNet-18,macroF1,Deep+CEN-RG - Deep+BOX-INS,0.9941,0.9707,0.0233,0.0070,0.0396,6,4,0,0.0101
Kimia-216,ResNet-18,accuracy,Deep+CEN-RG - Deep+CEN-AREA,0.9944,0.9889,0.0056,-0.0028,0.0139,2,8,0,0.168
Kimia-216,ResNet-18,macroF1,Deep+CEN-RG - Deep+CEN-AREA,0.9941,0.9881,0.0059,-0.0030,0.0149,2,8,0,0.168
Kimia-216,ResNet-18,accuracy,Deep+BOX-INS - Deep,0.9722,0.9750,-0.0028,-0.0174,0.0119,2,5,3,0.678
Kimia-216,ResNet-18,macroF1,Deep+BOX-INS - Deep,0.9707,0.9737,-0.0030,-0.0186,0.0127,2,5,3,0.678
Kimia-99,-,accuracy,CEN-RG - BOX-INS,0.8667,0.7722,0.0944,0.0065,0.1824,7,1,2,0.0381
Kimia-99,-,macroF1,CEN-RG - BOX-INS,0.8563,0.7567,0.0996,0.0108,0.1884,7,0,3,0.0319
Kimia-99,-,accuracy,CEN-RG - CEN-AREA,0.8667,0.8222,0.0444,-0.0410,0.1299,4,4,2,0.269
Kimia-99,-,macroF1,CEN-RG - CEN-AREA,0.8563,0.8059,0.0504,-0.0345,0.1352,6,2,2,0.212
Kimia-99,-,accuracy,CEN-RG - CEN-MAX,0.8667,0.8222,0.0444,-0.0276,0.1165,5,2,3,0.196
Kimia-99,-,macroF1,CEN-RG - CEN-MAX,0.8563,0.8070,0.0493,-0.0236,0.1222,7,0,3,0.161
Kimia-99,ResNet-18,accuracy,Deep+CEN-RG - Deep,0.9111,0.8889,0.0222,-0.0056,0.0500,5,4,1,0.104
Kimia-99,ResNet-18,macroF1,Deep+CEN-RG - Deep,0.9007,0.8781,0.0226,-0.0047,0.0499,7,2,1,0.0942
Kimia-99,ResNet-18,accuracy,Deep+CEN-RG - Deep+BOX-INS,0.9111,0.8944,0.0167,-0.0102,0.0435,4,5,1,0.193
Kimia-99,ResNet-18,macroF1,Deep+CEN-RG - Deep+BOX-INS,0.9007,0.8837,0.0170,-0.0117,0.0458,5,2,3,0.213
Kimia-99,ResNet-18,accuracy,Deep+CEN-RG - Deep+CEN-AREA,0.9111,0.9222,-0.0111,-0.0562,0.0340,2,4,4,0.591
Kimia-99,ResNet-18,macroF1,Deep+CEN-RG - Deep+CEN-AREA,0.9007,0.9111,-0.0104,-0.0562,0.0354,3,3,4,0.621
Kimia-99,ResNet-18,accuracy,Deep+BOX-INS - Deep,0.8944,0.8889,0.0056,-0.0238,0.0349,3,5,2,0.678
Kimia-99,ResNet-18,macroF1,Deep+BOX-INS - Deep,0.8837,0.8781,0.0056,-0.0243,0.0354,5,1,4,0.684
ETHZ,-,accuracy,CEN-RG - BOX-INS,0.9705,0.9339,0.0366,0.0202,0.0530,9,1,0,0.000686
ETHZ,-,macroF1,CEN-RG - BOX-INS,0.9666,0.9160,0.0505,0.0304,0.0707,10,0,0,0.000307
ETHZ,-,accuracy,CEN-RG - CEN-AREA,0.9705,0.8934,0.0771,0.0466,0.1076,10,0,0,0.000287
ETHZ,-,macroF1,CEN-RG - CEN-AREA,0.9666,0.8765,0.0900,0.0464,0.1337,10,0,0,0.00117
ETHZ,-,accuracy,CEN-RG - CEN-MAX,0.9705,0.9478,0.0227,0.0015,0.0440,7,1,2,0.0388
ETHZ,-,macroF1,CEN-RG - CEN-MAX,0.9666,0.9390,0.0276,0.0038,0.0514,8,0,2,0.0278
ETHZ,ResNet-18,accuracy,Deep+CEN-RG - Deep,0.9986,0.9845,0.0142,0.0036,0.0248,6,4,0,0.0144
ETHZ,ResNet-18,macroF1,Deep+CEN-RG - Deep,0.9984,0.9819,0.0166,0.0034,0.0297,6,4,0,0.0191
ETHZ,ResNet-18,accuracy,Deep+CEN-RG - Deep+BOX-INS,0.9986,0.9972,0.0014,-0.0043,0.0071,2,7,1,0.588
ETHZ,ResNet-18,macroF1,Deep+CEN-RG - Deep+BOX-INS,0.9984,0.9959,0.0026,-0.0051,0.0103,2,7,1,0.468
ETHZ,ResNet-18,accuracy,Deep+CEN-RG - Deep+CEN-AREA,0.9986,0.9942,0.0044,-0.0007,0.0095,3,7,0,0.0813
ETHZ,ResNet-18,macroF1,Deep+CEN-RG - Deep+CEN-AREA,0.9984,0.9926,0.0058,-0.0011,0.0127,3,7,0,0.0878
ETHZ,ResNet-18,accuracy,Deep+BOX-INS - Deep,0.9972,0.9845,0.0127,-0.0001,0.0256,6,3,1,0.0519
ETHZ,ResNet-18,macroF1,Deep+BOX-INS - Deep,0.9959,0.9819,0.0140,-0.0001,0.0281,6,3,1,0.0519
ETHZ,ViT-B/16,accuracy,Deep+CEN-RG - Deep,0.9972,0.9761,0.0211,0.0113,0.0309,9,1,0,0.000888
ETHZ,ViT-B/16,macroF1,Deep+CEN-RG - Deep,0.9954,0.9690,0.0264,0.0122,0.0406,9,1,0,0.00227
ETHZ,ViT-B/16,accuracy,Deep+CEN-RG - Deep+BOX-INS,0.9972,0.9916,0.0055,0.0004,0.0107,4,6,0,0.0369
ETHZ,ViT-B/16,macroF1,Deep+CEN-RG - Deep+BOX-INS,0.9954,0.9863,0.0091,0.0007,0.0175,4,6,0,0.037
ETHZ,ViT-B/16,accuracy,Deep+CEN-RG - Deep+CEN-AREA,0.9972,0.9900,0.0071,-0.0015,0.0157,3,7,0,0.0937
ETHZ,ViT-B/16,macroF1,Deep+CEN-RG - Deep+CEN-AREA,0.9954,0.9848,0.0105,-0.0025,0.0236,3,7,0,0.102
ETHZ,ViT-B/16,accuracy,Deep+BOX-INS - Deep,0.9916,0.9761,0.0155,0.0081,0.0229,8,2,0,0.00105
ETHZ,ViT-B/16,macroF1,Deep+BOX-INS - Deep,0.9863,0.9690,0.0173,0.0078,0.0268,9,1,0,0.00256
